"name";"age";"lifestyle";"zip code";"family status";"car";"sports";"earnings";"label"
"LnqZ1d0y";69.0;"active";78029.0;"married";"expensive";"athletics";116359.0;"response"
"CTM57ErS";34.0;"healthy";12037.0;"single";"practical";"soccer";72330.0;"response"
"H3G8arnq";20.0;"active";88210.0;"married";"expensive";"soccer";66122.0;"no response"
"Ise6NbLh";34.0;"cozily";31215.0;"married";"practical";"badminton";109932.0;"no response"
"lWRLF9sR";62.0;"healthy";25755.0;"single";"expensive";"badminton";26624.0;"response"
"kCm8UJ78";22.0;"cozily";15990.0;"single";"expensive";"badminton";87672.0;"no response"
"3Ti1r1rd";61.0;"cozily";26956.0;"single";"practical";"soccer";131997.0;"response"
"9nCeurIo";43.0;"active";30335.0;"single";"expensive";"badminton";20904.0;"no response"
"l7BWrlTw";22.0;"healthy";30144.0;"single";"practical";"athletics";83629.0;"no response"
"9eiV2YTy";34.0;"active";71172.0;"married";"practical";"badminton";57885.0;"no response"
"iQ2G10Pp";30.0;"active";97728.0;"single";"practical";"athletics";63922.0;"no response"
"p7P8DqGG";17.0;"healthy";55567.0;"married";"practical";"badminton";24064.0;"no response"
"78lJvM3U";33.0;"healthy";84777.0;"single";"practical";"soccer";29618.0;"no response"
"6GlQEoYu";61.0;"cozily";61535.0;"married";"practical";"athletics";97216.0;"response"
"oVa6BnRp";58.0;"healthy";92817.0;"single";"practical";"soccer";52294.0;"no response"
"vy7zkc4q";39.0;"cozily";64199.0;"single";"expensive";"soccer";72482.0;"no response"
"CIZwNSTe";66.0;"cozily";51997.0;"single";"expensive";"athletics";102628.0;"no response"
"Ut0mqmmI";37.0;"active";87394.0;"single";"practical";"athletics";115115.0;"no response"
"zlLEya0u";58.0;"active";86990.0;"married";"expensive";"athletics";31000.0;"response"
"o6rfVmql";69.0;"healthy";69951.0;"single";"practical";"soccer";80255.0;"no response"
"kzLnv4Th";64.0;"active";30757.0;"married";"expensive";"badminton";83855.0;"response"
"9dTv3b9L";31.0;"active";58360.0;"married";"practical";"soccer";58148.0;"no response"
"uE2cSdBj";67.0;"healthy";63495.0;"married";"practical";"soccer";93620.0;"response"
"CgRCEdqF";42.0;"cozily";18057.0;"married";"practical";"badminton";49122.0;"no response"
"C227tmqD";47.0;"active";30383.0;"single";"practical";"athletics";90983.0;"no response"
"Y6G4Ze2w";52.0;"active";23749.0;"married";"practical";"badminton";96279.0;"no response"
"6jW4oPUB";41.0;"cozily";30420.0;"single";"practical";"athletics";100925.0;"no response"
"lhO1oIi7";61.0;"healthy";97125.0;"single";"practical";"soccer";107179.0;"response"
"q4qS7M75";20.0;"healthy";52314.0;"married";"practical";"soccer";148037.0;"response"
"aBCr8ebA";64.0;"healthy";12164.0;"single";"expensive";"badminton";133934.0;"response"
"VjKJ4ZUH";23.0;"healthy";76172.0;"single";"expensive";"soccer";50750.0;"no response"
"dnBkv0t0";15.0;"active";84213.0;"single";"expensive";"badminton";149870.0;"response"
"GUlmClAW";30.0;"cozily";72234.0;"married";"practical";"badminton";58441.0;"no response"
"RInZbvtb";67.0;"cozily";33883.0;"married";"practical";"soccer";38372.0;"response"
"CVoGqvxr";58.0;"healthy";90841.0;"married";"practical";"athletics";35551.0;"response"
"4gMYd9M6";38.0;"healthy";16729.0;"married";"expensive";"soccer";103462.0;"no response"
"eFiwH04h";43.0;"healthy";83525.0;"married";"expensive";"soccer";113661.0;"no response"
"9PF9q68S";66.0;"cozily";75650.0;"married";"expensive";"soccer";75155.0;"response"
"6EfI8JVz";64.0;"healthy";11754.0;"single";"practical";"badminton";84604.0;"response"
"iJHHk5Fx";40.0;"active";23528.0;"married";"expensive";"athletics";42008.0;"no response"
"sAs8GQj5";24.0;"healthy";75273.0;"single";"expensive";"soccer";20786.0;"no response"
"zNPPHtIc";46.0;"cozily";82451.0;"married";"expensive";"badminton";96644.0;"no response"
"sMuJOVT7";60.0;"cozily";39701.0;"single";"practical";"badminton";54846.0;"response"
"LRG4pqnj";22.0;"cozily";57343.0;"single";"practical";"athletics";112211.0;"no response"
"HUoTnLd3";59.0;"healthy";95657.0;"married";"practical";"athletics";39724.0;"response"
"ioTMiOOX";25.0;"active";36419.0;"single";"expensive";"athletics";60365.0;"no response"
"JwRmAbaz";55.0;"active";37430.0;"married";"expensive";"badminton";147608.0;"response"
"LnBbGcFF";35.0;"healthy";75174.0;"single";"expensive";"athletics";70643.0;"no response"
"qJa5XP5y";22.0;"healthy";45295.0;"single";"practical";"badminton";148436.0;"response"
"rGz0i0F1";46.0;"healthy";22652.0;"married";"expensive";"athletics";65161.0;"no response"
"vOIBBMnD";24.0;"active";61709.0;"single";"practical";"soccer";112656.0;"no response"
"QDI5u1ek";52.0;"cozily";60797.0;"married";"practical";"soccer";143754.0;"response"
"C06cs1HF";42.0;"active";50590.0;"single";"expensive";"soccer";129314.0;"no response"
"BvbWb251";41.0;"healthy";12092.0;"single";"practical";"badminton";51447.0;"response"
"fHRpYiT3";53.0;"cozily";84630.0;"married";"expensive";"badminton";136257.0;"no response"
"riurhc1c";41.0;"cozily";25695.0;"single";"expensive";"soccer";63074.0;"no response"
"lxSRobjM";55.0;"healthy";63560.0;"married";"practical";"athletics";81965.0;"no response"
"2rhYRToZ";44.0;"active";85711.0;"single";"expensive";"soccer";111522.0;"no response"
"qAXNQNyA";38.0;"healthy";56189.0;"married";"practical";"badminton";134455.0;"no response"
"6XbkLNSN";50.0;"active";87714.0;"married";"expensive";"badminton";121950.0;"no response"
"DrSetklA";36.0;"active";24029.0;"single";"expensive";"badminton";133227.0;"no response"
"VKGRfbYa";64.0;"healthy";69471.0;"single";"practical";"athletics";130768.0;"response"
"qegpZfP7";34.0;"active";67756.0;"single";"expensive";"soccer";88464.0;"no response"
"ftizqN1G";31.0;"active";47838.0;"married";"expensive";"athletics";60993.0;"no response"
"b8zUGXie";64.0;"active";79030.0;"single";"practical";"athletics";75334.0;"response"
"5BG4cOBv";20.0;"active";13729.0;"single";"practical";"badminton";141354.0;"response"
"cXDTBOLa";56.0;"active";44331.0;"married";"practical";"athletics";46037.0;"response"
"9Kwwjij6";44.0;"healthy";82534.0;"single";"expensive";"athletics";116911.0;"no response"
"xijYET6F";35.0;"active";24476.0;"single";"expensive";"soccer";71886.0;"no response"
"UlH9LJtT";53.0;"healthy";12721.0;"single";"practical";"badminton";111024.0;"response"
"FbjRVrU4";43.0;"cozily";43678.0;"single";"expensive";"soccer";33368.0;"no response"
"TRV8z7IB";66.0;"active";26872.0;"married";"expensive";"badminton";75884.0;"response"
"2WAPBktq";43.0;"active";48877.0;"single";"practical";"athletics";84026.0;"no response"
"FTyCzCDW";54.0;"active";94806.0;"single";"expensive";"badminton";140829.0;"response"
"eNnGmowu";66.0;"active";16667.0;"married";"expensive";"badminton";87806.0;"response"
"pksJS4BK";48.0;"healthy";56503.0;"single";"expensive";"badminton";25496.0;"no response"
"el1zmNiQ";15.0;"active";39846.0;"married";"practical";"badminton";140974.0;"response"
"eh3QYLJC";63.0;"cozily";91129.0;"single";"expensive";"badminton";87777.0;"response"
"wcDi6rqB";68.0;"active";36861.0;"single";"practical";"athletics";92495.0;"response"
"WmiuOOP3";45.0;"healthy";58301.0;"single";"practical";"athletics";76148.0;"no response"
"OcMwOkM5";53.0;"healthy";71182.0;"single";"practical";"athletics";149353.0;"response"
"3neOl9TM";69.0;"cozily";72998.0;"married";"expensive";"badminton";130084.0;"response"
"aDPm0jLo";20.0;"cozily";61396.0;"married";"practical";"soccer";73581.0;"no response"
"vj4Fcfxl";52.0;"active";94992.0;"married";"expensive";"badminton";126285.0;"no response"
"Q2UA0DuB";36.0;"healthy";58137.0;"married";"practical";"athletics";27967.0;"no response"
"XTHaATIg";41.0;"healthy";13690.0;"single";"practical";"soccer";40362.0;"response"
"AQoGAQqP";15.0;"cozily";38304.0;"single";"expensive";"athletics";136983.0;"no response"
"qxg9294G";59.0;"healthy";70757.0;"single";"practical";"athletics";130220.0;"response"
"aUQ3XLjL";27.0;"healthy";26526.0;"single";"practical";"soccer";34533.0;"no response"
"StxL4Hvn";47.0;"active";46967.0;"married";"expensive";"badminton";71005.0;"no response"
"LApldtQ5";50.0;"active";71389.0;"married";"expensive";"soccer";126227.0;"no response"
"aONEnVNq";49.0;"active";47680.0;"married";"practical";"athletics";149651.0;"response"
"IDbbic3F";30.0;"healthy";10251.0;"married";"expensive";"soccer";138859.0;"response"
"mcIU44iK";24.0;"healthy";62233.0;"single";"expensive";"soccer";52672.0;"no response"
"YkUCr3FU";50.0;"cozily";38534.0;"single";"expensive";"badminton";113248.0;"no response"
"E4EIQWWM";29.0;"healthy";78780.0;"married";"practical";"soccer";89946.0;"no response"
"fSQatXdc";54.0;"cozily";29595.0;"single";"expensive";"badminton";29291.0;"no response"
"K1NJAFUO";43.0;"cozily";84424.0;"married";"practical";"soccer";56140.0;"no response"
"sznwp6i3";27.0;"cozily";56293.0;"married";"practical";"badminton";140043.0;"response"
"H7AkbuBq";44.0;"healthy";51295.0;"married";"expensive";"badminton";123048.0;"no response"
"dOHFv40P";62.0;"active";96739.0;"married";"expensive";"badminton";99008.0;"response"
"l6PuZgBC";55.0;"healthy";80177.0;"married";"practical";"athletics";136648.0;"no response"
"SjIElRTX";54.0;"cozily";71508.0;"married";"expensive";"soccer";55055.0;"no response"
"WOrNdWLN";46.0;"cozily";61930.0;"single";"practical";"athletics";116664.0;"no response"
"Hj8RXAo0";44.0;"healthy";99833.0;"married";"practical";"badminton";59611.0;"no response"
"jIlbT1nO";25.0;"active";55241.0;"married";"expensive";"soccer";83599.0;"no response"
"M8mPk0le";55.0;"active";34925.0;"married";"practical";"badminton";37201.0;"no response"
"2iFI1nE8";44.0;"healthy";96880.0;"married";"practical";"badminton";57501.0;"no response"
"r5xut8Ta";56.0;"active";61332.0;"single";"practical";"badminton";116055.0;"no response"
"PUTOxTH3";44.0;"cozily";88524.0;"married";"expensive";"badminton";106886.0;"no response"
"PTqT2TEA";45.0;"healthy";37459.0;"single";"expensive";"badminton";101819.0;"no response"
"nRzPt1iK";63.0;"active";66082.0;"single";"expensive";"soccer";99950.0;"response"
"yqADzcZ4";66.0;"cozily";44993.0;"single";"practical";"badminton";75251.0;"response"
"sFMkdFK9";52.0;"healthy";16896.0;"single";"expensive";"badminton";46305.0;"no response"
"9pLY883S";24.0;"cozily";76332.0;"married";"expensive";"athletics";130966.0;"no response"
"bQ8MNmcG";42.0;"active";67743.0;"single";"practical";"soccer";61096.0;"no response"
"cqiD9Dbu";34.0;"healthy";15011.0;"single";"expensive";"badminton";129268.0;"no response"
"2LuTnuaU";52.0;"active";31788.0;"married";"practical";"soccer";135445.0;"no response"
"OIpHnGtD";56.0;"healthy";84340.0;"single";"practical";"soccer";136021.0;"no response"
"bVzFONe1";54.0;"active";34325.0;"married";"expensive";"soccer";29562.0;"no response"
"AGFj4aIR";68.0;"cozily";24691.0;"married";"expensive";"athletics";76138.0;"response"
"LTCXEMIz";53.0;"cozily";71690.0;"single";"expensive";"athletics";44714.0;"no response"
"dpy7Bji4";63.0;"cozily";85644.0;"single";"practical";"badminton";88584.0;"response"
"eIMlzQpl";64.0;"active";16352.0;"married";"expensive";"athletics";119514.0;"response"
"3wKhuHY3";35.0;"cozily";13786.0;"single";"expensive";"athletics";52240.0;"response"
"rft89fd8";33.0;"cozily";37113.0;"married";"practical";"athletics";115190.0;"no response"
"WXLBDBy3";46.0;"healthy";99520.0;"married";"practical";"athletics";93405.0;"no response"
"PeJRjeFB";63.0;"active";78740.0;"single";"expensive";"badminton";44846.0;"response"
"PyInmhKG";27.0;"healthy";63929.0;"married";"practical";"athletics";58127.0;"no response"
"yMZbV5yx";54.0;"active";63842.0;"single";"practical";"badminton";145847.0;"response"
"Z0EUwojC";52.0;"healthy";78236.0;"married";"practical";"soccer";143160.0;"response"
"v9Rn5ah2";31.0;"active";99654.0;"single";"expensive";"soccer";57132.0;"no response"
"Ay4eBERB";16.0;"active";84050.0;"single";"expensive";"badminton";130979.0;"no response"
"1fFua46c";45.0;"healthy";40382.0;"married";"practical";"athletics";65969.0;"no response"
"Gx5TbBbV";16.0;"cozily";96035.0;"single";"expensive";"badminton";61765.0;"no response"
"vg93sDzH";64.0;"healthy";94018.0;"married";"practical";"athletics";99177.0;"response"
"vVqXn2AH";34.0;"active";91989.0;"married";"expensive";"badminton";49716.0;"no response"
"NF5fXxvR";17.0;"active";10544.0;"married";"practical";"athletics";74831.0;"response"
"C5Vrq9bW";31.0;"active";31529.0;"single";"expensive";"athletics";96356.0;"no response"
"2UXbr0gU";59.0;"active";47116.0;"married";"practical";"soccer";69501.0;"response"
"rcWJJ1tu";66.0;"active";87702.0;"married";"expensive";"soccer";83502.0;"response"
"UOz7JWp4";57.0;"cozily";17492.0;"single";"expensive";"athletics";60376.0;"response"
"YBLlCYpy";58.0;"healthy";21539.0;"married";"practical";"badminton";93491.0;"response"
"XMC2jdpp";69.0;"active";65572.0;"married";"expensive";"soccer";130831.0;"response"
"10JYLUlp";63.0;"healthy";53040.0;"married";"expensive";"badminton";97071.0;"response"
"BSTIdiWE";17.0;"cozily";39413.0;"single";"practical";"badminton";41673.0;"no response"
"D2t4K01Q";37.0;"cozily";26070.0;"married";"practical";"athletics";142457.0;"response"
"oFTqaYuy";69.0;"healthy";53021.0;"married";"practical";"athletics";136741.0;"response"
"FGfm6pO3";42.0;"active";65124.0;"single";"expensive";"soccer";69668.0;"no response"
"lZXQcudk";53.0;"cozily";99398.0;"married";"expensive";"badminton";146194.0;"response"
"GmOqv2sE";25.0;"active";55081.0;"single";"practical";"badminton";60515.0;"no response"
"OepP4r44";21.0;"cozily";45855.0;"married";"expensive";"badminton";46882.0;"no response"
"kvnOXsFa";38.0;"active";35301.0;"single";"practical";"athletics";108641.0;"no response"
"zHSpVG57";44.0;"active";22541.0;"married";"practical";"soccer";146586.0;"response"
"n5TGD3E3";42.0;"cozily";32991.0;"married";"practical";"soccer";75548.0;"no response"
"2A77VVZ4";40.0;"healthy";17420.0;"married";"practical";"badminton";50691.0;"no response"
"kNg223NY";56.0;"active";32708.0;"single";"practical";"soccer";141063.0;"no response"
"7D4DoDcm";68.0;"cozily";54531.0;"single";"expensive";"soccer";45324.0;"response"
"TuX3h64a";21.0;"healthy";12938.0;"married";"expensive";"athletics";89632.0;"response"
"JVA5Z5ej";20.0;"cozily";12020.0;"married";"expensive";"badminton";45601.0;"response"
"f9YYcnT5";42.0;"cozily";56055.0;"single";"practical";"soccer";40479.0;"no response"
"3OPtfIo7";53.0;"healthy";80542.0;"married";"expensive";"soccer";87397.0;"no response"
"tRx5f6mM";31.0;"cozily";30517.0;"married";"practical";"badminton";113880.0;"no response"
"U8K7jwy0";47.0;"healthy";29111.0;"married";"practical";"soccer";131151.0;"no response"
"CDcdS58w";39.0;"healthy";27015.0;"married";"expensive";"soccer";67585.0;"no response"
"FKE8gPTB";61.0;"active";73193.0;"single";"expensive";"badminton";130919.0;"response"
"GNOM6opl";23.0;"cozily";75790.0;"married";"practical";"soccer";73526.0;"no response"
"6YYzzDf0";33.0;"active";12302.0;"single";"practical";"athletics";83132.0;"response"
"9YJMJlfV";56.0;"active";16947.0;"married";"expensive";"soccer";48941.0;"response"
"jFlTkAWc";62.0;"active";89448.0;"single";"practical";"athletics";63680.0;"no response"
"c66OCpqR";15.0;"healthy";93099.0;"single";"expensive";"soccer";39625.0;"no response"
"RV3CXwfv";29.0;"cozily";50748.0;"married";"expensive";"badminton";121981.0;"no response"
"PKCibVDf";30.0;"active";94405.0;"married";"practical";"badminton";125971.0;"no response"
"R7ylXU8F";39.0;"healthy";65526.0;"married";"expensive";"soccer";139040.0;"no response"
"t2N1HwMm";27.0;"active";22498.0;"single";"practical";"soccer";119686.0;"no response"
"CRmMk5s6";57.0;"active";24620.0;"single";"expensive";"badminton";124477.0;"response"
"RY53zFgv";63.0;"cozily";30182.0;"single";"expensive";"soccer";136187.0;"response"
"bnqI5s7J";44.0;"cozily";80608.0;"single";"practical";"athletics";48600.0;"no response"
"1UQUEEV3";22.0;"healthy";15252.0;"married";"expensive";"badminton";77397.0;"no response"
"OFqwzeOT";50.0;"cozily";29476.0;"single";"practical";"badminton";119028.0;"no response"
"jpzSudFT";69.0;"active";61758.0;"single";"expensive";"badminton";135683.0;"response"
"qu3BvUvn";46.0;"healthy";14500.0;"married";"expensive";"athletics";86585.0;"response"
"030pKYLf";15.0;"active";39484.0;"single";"expensive";"athletics";56528.0;"no response"
"43Z2Sqle";45.0;"healthy";81593.0;"married";"practical";"soccer";73466.0;"no response"
"I6WNQF4r";66.0;"cozily";94128.0;"married";"expensive";"badminton";93434.0;"response"
"5zKATgHO";40.0;"cozily";11305.0;"single";"expensive";"soccer";93489.0;"response"
"TTOv4D0m";33.0;"healthy";26048.0;"married";"expensive";"athletics";27639.0;"no response"
"DUhWNqvg";48.0;"cozily";42678.0;"single";"expensive";"soccer";27973.0;"no response"
"S4AnDjhc";32.0;"cozily";19776.0;"single";"practical";"badminton";76429.0;"no response"
"L0PY9R8B";31.0;"cozily";63513.0;"married";"practical";"soccer";29287.0;"no response"
"fJyETMwh";69.0;"cozily";81385.0;"married";"practical";"soccer";24388.0;"response"
"6ytFYSNZ";44.0;"active";46943.0;"single";"practical";"badminton";20117.0;"no response"
"PNfaazkd";49.0;"cozily";60061.0;"single";"expensive";"badminton";83345.0;"no response"
"DAlPaIJk";51.0;"cozily";77663.0;"married";"expensive";"badminton";75975.0;"no response"
"gmFvbX0g";68.0;"cozily";38144.0;"single";"practical";"soccer";109444.0;"response"
"vBxVUHBp";22.0;"active";46292.0;"single";"practical";"athletics";95653.0;"no response"
"meLl0mS2";16.0;"healthy";11160.0;"married";"expensive";"badminton";55251.0;"response"
"xkCu0GzB";62.0;"active";13650.0;"married";"expensive";"soccer";65534.0;"response"
"k4OMX1xS";56.0;"cozily";65104.0;"married";"expensive";"badminton";52792.0;"no response"
"Mip7HWX4";63.0;"cozily";77031.0;"single";"practical";"athletics";87988.0;"response"
"3eACbVPj";50.0;"cozily";31273.0;"married";"expensive";"athletics";28643.0;"no response"
"6jTJ5xEJ";46.0;"active";84541.0;"single";"practical";"badminton";72338.0;"no response"
"6gwr7smm";66.0;"active";16223.0;"married";"expensive";"badminton";88608.0;"response"
"q6Ik5knn";21.0;"healthy";76067.0;"single";"expensive";"badminton";136797.0;"no response"
"sv3uAw2F";49.0;"cozily";98875.0;"single";"practical";"soccer";22919.0;"no response"
"A988Nhmm";44.0;"healthy";38185.0;"single";"practical";"badminton";100960.0;"no response"
"vreOFtkn";56.0;"healthy";70653.0;"married";"practical";"athletics";145101.0;"response"
"h4NjAi4u";53.0;"healthy";48660.0;"single";"expensive";"athletics";40982.0;"no response"
"oYsHvFr7";27.0;"healthy";58307.0;"married";"expensive";"badminton";49762.0;"no response"
"hFp8fB53";17.0;"cozily";36707.0;"single";"expensive";"badminton";118087.0;"no response"
"NasrkSmZ";48.0;"active";29751.0;"single";"practical";"badminton";116610.0;"no response"
"676K5lKO";66.0;"healthy";36249.0;"married";"expensive";"badminton";147565.0;"response"
"q0ytdQUy";39.0;"active";92156.0;"single";"expensive";"soccer";117816.0;"no response"
"QEBFRzY5";46.0;"healthy";10783.0;"married";"expensive";"athletics";31916.0;"response"
"kYZ3GTLb";48.0;"active";18413.0;"married";"practical";"athletics";20979.0;"no response"
"pVKRhzlh";20.0;"healthy";43338.0;"married";"expensive";"badminton";145798.0;"response"
"QYmTIq3l";51.0;"healthy";66227.0;"single";"expensive";"soccer";148173.0;"response"
"fDF8O5OS";48.0;"cozily";13031.0;"single";"expensive";"athletics";142198.0;"response"
"Bt8BiTJm";46.0;"cozily";36962.0;"single";"expensive";"athletics";22030.0;"no response"
"GKChQmL4";15.0;"active";55545.0;"single";"expensive";"soccer";33687.0;"no response"
"2KVJ3b1c";38.0;"healthy";95867.0;"single";"expensive";"athletics";105582.0;"no response"
"ljAnT6dP";38.0;"healthy";87311.0;"married";"practical";"soccer";118843.0;"no response"
"VmuU95cG";54.0;"cozily";35275.0;"married";"expensive";"badminton";79118.0;"no response"
"pOEVy7vD";56.0;"cozily";31793.0;"married";"practical";"soccer";109700.0;"response"
"34OoC5DK";49.0;"healthy";99193.0;"married";"practical";"soccer";138505.0;"no response"
"apRZy3Cf";69.0;"cozily";25402.0;"married";"expensive";"athletics";104592.0;"response"
"GDLQkSMQ";67.0;"active";57745.0;"single";"expensive";"badminton";39934.0;"response"
"DW9Uc9Ca";59.0;"active";61997.0;"single";"expensive";"badminton";81484.0;"response"
"jTZ5QbMu";65.0;"healthy";64721.0;"married";"expensive";"soccer";148548.0;"response"
"K1wmG9WK";53.0;"healthy";53890.0;"single";"expensive";"badminton";30887.0;"no response"
"QAC4XqhA";23.0;"healthy";97937.0;"single";"expensive";"soccer";130472.0;"no response"
"YF9aketl";36.0;"cozily";63562.0;"single";"practical";"badminton";52679.0;"no response"
"TJZIWsuS";50.0;"active";58343.0;"single";"expensive";"athletics";55531.0;"no response"
"HKG7MgkU";63.0;"cozily";23446.0;"married";"practical";"badminton";109354.0;"response"
"uZgGE2cl";41.0;"cozily";60150.0;"single";"expensive";"soccer";33552.0;"no response"
"JUJ36MqY";63.0;"cozily";63619.0;"single";"practical";"athletics";75616.0;"response"
"JJS3SKdL";41.0;"healthy";15858.0;"single";"practical";"badminton";98302.0;"no response"
"mxhztsGp";56.0;"active";98194.0;"single";"practical";"soccer";76250.0;"no response"
"zQJutllp";42.0;"active";86134.0;"single";"expensive";"soccer";88739.0;"no response"
"3nkAqSPD";64.0;"active";59531.0;"single";"expensive";"soccer";143042.0;"response"
"nez4Atq5";35.0;"cozily";68770.0;"single";"expensive";"athletics";142590.0;"response"
"JHXYGwg0";36.0;"cozily";18681.0;"married";"expensive";"soccer";89815.0;"no response"
"sDbvIU0M";62.0;"active";33778.0;"single";"practical";"soccer";119147.0;"response"
"iAb3ELdX";44.0;"cozily";22412.0;"single";"expensive";"soccer";66447.0;"no response"
"0ZubydCN";59.0;"active";60088.0;"married";"practical";"soccer";58499.0;"response"
"TW4X0QuR";69.0;"active";93413.0;"married";"expensive";"badminton";55481.0;"no response"
"QOW1Mx0j";37.0;"cozily";27517.0;"married";"practical";"soccer";65727.0;"no response"
"3Fhajsim";64.0;"healthy";70562.0;"single";"practical";"athletics";66026.0;"response"
"8p9xhVfP";57.0;"healthy";89775.0;"single";"practical";"badminton";49013.0;"response"
"9wDcMYzu";49.0;"cozily";43719.0;"single";"expensive";"soccer";52224.0;"no response"
"x5OvDGqc";33.0;"cozily";19054.0;"married";"expensive";"athletics";54950.0;"no response"
"OZw2jC9a";54.0;"active";47920.0;"married";"practical";"badminton";27465.0;"no response"
"JZr7EyNx";54.0;"cozily";34402.0;"single";"expensive";"soccer";131946.0;"no response"
"M52gSpmh";68.0;"cozily";25452.0;"married";"practical";"athletics";79292.0;"response"
"lR77NE6f";28.0;"cozily";76768.0;"married";"expensive";"athletics";36147.0;"no response"
"zFFzxZia";41.0;"active";75405.0;"married";"expensive";"badminton";46913.0;"no response"
"Lbwc90Un";41.0;"cozily";48436.0;"single";"practical";"soccer";137498.0;"no response"
"7UzaNGLn";18.0;"healthy";84666.0;"single";"practical";"soccer";54672.0;"no response"
"6STXfa01";41.0;"active";81038.0;"single";"practical";"badminton";127791.0;"no response"
"G58NxsWp";59.0;"healthy";87243.0;"single";"expensive";"badminton";146979.0;"response"
"fLZEunkn";46.0;"active";79819.0;"single";"expensive";"badminton";119667.0;"no response"
"7M5S26Ei";26.0;"healthy";83621.0;"married";"expensive";"badminton";123316.0;"no response"
"maSNqCH3";60.0;"cozily";52139.0;"married";"practical";"athletics";111404.0;"response"
"nj24CCgZ";53.0;"cozily";71649.0;"married";"expensive";"soccer";98166.0;"no response"
"JO6kly6L";39.0;"active";69166.0;"married";"practical";"soccer";127616.0;"no response"
"CrWPeGBa";15.0;"healthy";89267.0;"single";"expensive";"badminton";67098.0;"no response"
"gvIbt7E4";27.0;"active";97939.0;"single";"practical";"athletics";108609.0;"no response"
"FD5TAWge";59.0;"active";41609.0;"married";"practical";"badminton";89133.0;"no response"
"s0p7r37V";65.0;"active";11636.0;"single";"expensive";"soccer";71249.0;"no response"
"nXspbcry";68.0;"active";19203.0;"married";"practical";"athletics";119634.0;"response"
"24zpzead";26.0;"active";91298.0;"married";"practical";"athletics";32287.0;"no response"
"ixGfv555";41.0;"healthy";94699.0;"single";"expensive";"badminton";94308.0;"no response"
"Uwtoe4n6";50.0;"cozily";61966.0;"single";"expensive";"badminton";103229.0;"no response"
"Z2a7IqvU";68.0;"cozily";91966.0;"married";"practical";"soccer";96591.0;"response"
"NhALsYMu";32.0;"active";74135.0;"married";"expensive";"badminton";141684.0;"response"
"ISty1ulS";55.0;"cozily";85993.0;"married";"expensive";"athletics";108069.0;"no response"
"6XvxYLeU";53.0;"active";75762.0;"married";"expensive";"athletics";72331.0;"no response"
"xmzvcWOH";38.0;"active";77562.0;"married";"practical";"badminton";146873.0;"response"
"LPZhgZbt";63.0;"cozily";44433.0;"married";"expensive";"athletics";95937.0;"no response"
"RFuWmIv5";42.0;"cozily";31394.0;"single";"expensive";"soccer";50288.0;"no response"
"8eomrop8";34.0;"cozily";81940.0;"married";"practical";"athletics";37730.0;"no response"
"23DScnvF";28.0;"active";54079.0;"single";"practical";"athletics";115656.0;"no response"
"nAhOpcJt";16.0;"cozily";80910.0;"married";"expensive";"athletics";73991.0;"no response"
"2dsg58NC";34.0;"active";11735.0;"married";"practical";"athletics";26438.0;"response"
"600GvXYa";23.0;"cozily";53443.0;"married";"practical";"badminton";29890.0;"no response"
"97wf0r6F";50.0;"healthy";19692.0;"married";"expensive";"athletics";76513.0;"no response"
"usA0oxpD";63.0;"active";39001.0;"single";"practical";"athletics";138613.0;"response"
"VnU57c4a";43.0;"active";27051.0;"married";"practical";"badminton";23610.0;"no response"
"3iOgrMgN";46.0;"healthy";11762.0;"married";"practical";"soccer";133958.0;"response"
"wEiY43MK";39.0;"active";55844.0;"single";"expensive";"soccer";114687.0;"no response"
"Xf6gw1J2";64.0;"active";76934.0;"single";"practical";"badminton";63934.0;"no response"
"cS3zQc4v";68.0;"active";53458.0;"single";"practical";"badminton";141072.0;"response"
"78ClObLZ";34.0;"cozily";63410.0;"married";"practical";"athletics";136531.0;"no response"
"ruvbccOP";59.0;"healthy";29399.0;"married";"expensive";"badminton";39338.0;"response"
"CMtc6s2O";28.0;"cozily";73191.0;"married";"practical";"soccer";35112.0;"no response"
"M5pNGckn";18.0;"active";61234.0;"married";"expensive";"athletics";64516.0;"no response"
"AIwxGdx6";46.0;"active";42047.0;"married";"expensive";"soccer";123129.0;"no response"
"GCWCQCvu";35.0;"healthy";67118.0;"married";"practical";"badminton";40218.0;"no response"
"uD0Xq5tx";17.0;"active";34022.0;"single";"expensive";"badminton";86067.0;"no response"
"6Kxz1NsI";43.0;"healthy";33153.0;"married";"practical";"badminton";95263.0;"no response"
"rxOeIr80";27.0;"active";92317.0;"married";"practical";"athletics";79957.0;"no response"
"ulz9BzDg";40.0;"cozily";95153.0;"married";"expensive";"soccer";141175.0;"response"
"Pwp4wxej";66.0;"healthy";69774.0;"single";"practical";"athletics";68409.0;"response"
"MPYIB2od";47.0;"healthy";70177.0;"married";"practical";"athletics";149471.0;"response"
"qglzK38B";61.0;"active";96001.0;"single";"expensive";"soccer";119338.0;"response"
"j5vxd9S7";40.0;"active";94102.0;"married";"expensive";"athletics";145066.0;"response"
"FIpC6817";28.0;"cozily";76592.0;"married";"expensive";"badminton";131761.0;"no response"
"wQlN4qeN";29.0;"healthy";28057.0;"single";"expensive";"athletics";97560.0;"no response"
"K3btJ1Ph";52.0;"cozily";24034.0;"single";"practical";"badminton";117551.0;"no response"
"irjQwIdo";28.0;"cozily";51125.0;"single";"expensive";"athletics";115895.0;"no response"
"TWM0jxhR";69.0;"cozily";90305.0;"single";"practical";"soccer";54162.0;"response"
"rNc87cpx";64.0;"active";18342.0;"married";"practical";"athletics";122918.0;"response"
"eKRH0Z9l";69.0;"cozily";84012.0;"single";"expensive";"badminton";138687.0;"response"
"eki3xvNi";57.0;"cozily";80254.0;"single";"expensive";"badminton";90175.0;"response"
"fK6hBUCe";18.0;"active";78768.0;"single";"expensive";"badminton";21575.0;"no response"
"OEY2jePH";49.0;"active";30498.0;"married";"practical";"soccer";105986.0;"no response"
"GnOeDmLb";19.0;"cozily";98812.0;"married";"expensive";"athletics";113654.0;"no response"
"Br81ZSfo";40.0;"healthy";96109.0;"single";"practical";"athletics";67743.0;"no response"
"o56T3Y5X";60.0;"cozily";71515.0;"married";"expensive";"athletics";67975.0;"response"
"zeto9XuB";39.0;"healthy";91627.0;"single";"expensive";"badminton";130168.0;"no response"
"PQfe8akZ";19.0;"cozily";98012.0;"single";"expensive";"soccer";32594.0;"no response"
"gERV62yX";42.0;"healthy";31488.0;"single";"expensive";"athletics";80006.0;"no response"
"5PQ4R3Cy";40.0;"cozily";52867.0;"single";"expensive";"soccer";123766.0;"no response"
"frf2uvIS";62.0;"healthy";68412.0;"married";"practical";"badminton";132473.0;"response"
"AaSJplxA";26.0;"active";50009.0;"single";"practical";"athletics";63613.0;"no response"
"7RLJrjvP";34.0;"healthy";30760.0;"married";"practical";"athletics";101705.0;"no response"
"bHbmx6ug";52.0;"healthy";79431.0;"single";"expensive";"athletics";100727.0;"no response"
"6NX4kAe9";56.0;"healthy";13616.0;"single";"expensive";"badminton";107943.0;"response"
"nIOJ3fL6";65.0;"cozily";53976.0;"single";"practical";"soccer";75025.0;"response"
"0Pnpe9rU";34.0;"healthy";11494.0;"married";"practical";"athletics";126964.0;"response"
"6R4en31c";35.0;"active";74856.0;"married";"expensive";"athletics";41273.0;"no response"
"PzsIURel";61.0;"cozily";21649.0;"single";"expensive";"soccer";95536.0;"response"
"VXRcJeKv";55.0;"cozily";73057.0;"married";"expensive";"badminton";74340.0;"no response"
"gu4YhcLD";23.0;"active";62156.0;"single";"expensive";"soccer";106589.0;"no response"
"VW9edcrO";19.0;"cozily";35608.0;"married";"practical";"athletics";98989.0;"no response"
"13UlrNrd";28.0;"healthy";23765.0;"single";"expensive";"soccer";97992.0;"no response"
"DcCKWPaR";31.0;"cozily";16764.0;"married";"expensive";"soccer";84513.0;"no response"
"6NwEsGOR";41.0;"cozily";48793.0;"married";"practical";"athletics";22682.0;"no response"
"6piNtMho";48.0;"active";79801.0;"single";"practical";"soccer";44179.0;"no response"
"fOhpVBpN";64.0;"cozily";68214.0;"single";"practical";"soccer";97493.0;"response"
"BUk2ATBG";65.0;"healthy";20668.0;"married";"practical";"athletics";49633.0;"response"
"kbvAZ4J1";27.0;"healthy";45759.0;"single";"expensive";"badminton";48305.0;"no response"
"FTnEUjhi";17.0;"healthy";84666.0;"married";"expensive";"badminton";81719.0;"no response"
"zAUwYliw";46.0;"healthy";76056.0;"single";"practical";"athletics";120169.0;"no response"
"v2eLy7jw";31.0;"cozily";65497.0;"married";"expensive";"soccer";70896.0;"no response"
"iom18L5q";49.0;"cozily";56146.0;"married";"practical";"badminton";116294.0;"no response"
"XdpDIWLk";59.0;"healthy";90304.0;"single";"expensive";"athletics";110629.0;"no response"
"2EjsuaLD";58.0;"active";62060.0;"married";"expensive";"athletics";44245.0;"response"
"FISWcLJ1";56.0;"active";56563.0;"single";"practical";"badminton";54952.0;"response"
"C87quDGa";41.0;"active";88470.0;"married";"practical";"soccer";66476.0;"no response"
"yXGWhNdo";15.0;"active";23950.0;"married";"practical";"soccer";44552.0;"no response"
"KcXtTm4U";34.0;"healthy";50456.0;"single";"practical";"soccer";63042.0;"no response"
"AMJ099K1";58.0;"healthy";27501.0;"single";"expensive";"badminton";53837.0;"response"
"YiSjW1MW";21.0;"active";96081.0;"single";"practical";"soccer";57658.0;"no response"
"PYsniq76";18.0;"cozily";96976.0;"married";"expensive";"badminton";77904.0;"no response"
"sLkKHSIn";63.0;"healthy";29479.0;"married";"practical";"badminton";139379.0;"response"
"6zMTbU9z";47.0;"cozily";68882.0;"single";"expensive";"soccer";46050.0;"no response"
"nJ3MEuf3";44.0;"cozily";93858.0;"married";"expensive";"athletics";142765.0;"response"
"L2rUsNXF";37.0;"healthy";18310.0;"single";"expensive";"athletics";39129.0;"no response"
"dzNLunXl";43.0;"cozily";12942.0;"single";"practical";"athletics";63545.0;"response"
"Eeo5vd53";47.0;"cozily";54005.0;"married";"expensive";"soccer";131825.0;"no response"
"2O3XcA2c";16.0;"cozily";72097.0;"married";"practical";"badminton";106899.0;"no response"
"9miLKzn3";67.0;"active";94939.0;"married";"practical";"soccer";94153.0;"response"
"QcfsM2vv";69.0;"active";35814.0;"single";"practical";"badminton";21100.0;"no response"
"UjLn1ZYj";62.0;"active";75287.0;"married";"expensive";"athletics";97211.0;"response"
"kFmmo1kC";47.0;"cozily";84577.0;"married";"practical";"athletics";92915.0;"no response"
"3M3cEcEY";69.0;"active";89242.0;"married";"practical";"athletics";113815.0;"response"
"bqCDmyhr";30.0;"cozily";53185.0;"married";"practical";"badminton";115734.0;"no response"
"Pjs4LiMV";33.0;"active";94619.0;"married";"expensive";"badminton";76357.0;"no response"
"clLXe1GZ";30.0;"active";50469.0;"single";"practical";"soccer";138264.0;"no response"
"piDUaeeT";43.0;"cozily";97613.0;"single";"practical";"athletics";136451.0;"no response"
"ONtNQdrQ";34.0;"active";47748.0;"single";"practical";"badminton";142159.0;"response"
"uOh3PFGL";30.0;"active";11434.0;"single";"practical";"badminton";61973.0;"response"
"Brf3frlJ";46.0;"healthy";41423.0;"married";"expensive";"athletics";99321.0;"no response"
"3xsopmLK";38.0;"active";82767.0;"married";"expensive";"athletics";98420.0;"no response"
"Zae94GYq";33.0;"healthy";65259.0;"single";"practical";"athletics";93975.0;"no response"
"1drsHQMZ";69.0;"cozily";48377.0;"married";"expensive";"soccer";26075.0;"response"
"LqL0rXAw";29.0;"healthy";83556.0;"single";"expensive";"athletics";142624.0;"response"
"D4jqEL6R";17.0;"healthy";84643.0;"single";"practical";"athletics";92555.0;"no response"
"agdD891g";41.0;"healthy";75581.0;"single";"expensive";"soccer";30965.0;"no response"
"Pj8fOcLa";26.0;"active";51589.0;"married";"practical";"soccer";28006.0;"no response"
"DmwCddSD";49.0;"cozily";56800.0;"single";"practical";"badminton";80417.0;"no response"
"zgadtX0M";48.0;"active";95746.0;"married";"practical";"soccer";30747.0;"no response"
"9csoWACQ";55.0;"healthy";10992.0;"married";"expensive";"badminton";89364.0;"response"
"AIavXpEW";63.0;"cozily";10133.0;"married";"expensive";"badminton";112759.0;"response"
"1RkQY3FY";32.0;"healthy";29490.0;"single";"practical";"athletics";93723.0;"no response"
"RAxTVfGD";31.0;"active";77652.0;"single";"practical";"athletics";52996.0;"no response"
"uhT0hyEo";49.0;"active";33945.0;"married";"practical";"athletics";76773.0;"no response"
"e8n5bDpZ";33.0;"active";18368.0;"married";"expensive";"athletics";43142.0;"no response"
"gUL0b6ly";51.0;"healthy";48191.0;"single";"practical";"badminton";121818.0;"no response"
"peqmGHbc";51.0;"active";59611.0;"single";"expensive";"soccer";106865.0;"no response"
"36El5eBD";39.0;"cozily";82555.0;"single";"expensive";"athletics";115189.0;"no response"
"4T3HwI2r";52.0;"active";89053.0;"married";"practical";"badminton";38160.0;"no response"
"8NeATyjR";34.0;"healthy";81184.0;"married";"practical";"soccer";134108.0;"no response"
"YlmG14e2";35.0;"cozily";46578.0;"married";"practical";"athletics";100792.0;"no response"
"WvDqqvvP";26.0;"cozily";45100.0;"married";"practical";"badminton";98194.0;"no response"
"HntHRBFF";28.0;"healthy";71691.0;"single";"practical";"soccer";94455.0;"no response"
"TNp3bwJV";21.0;"cozily";82581.0;"single";"expensive";"badminton";33253.0;"no response"
"IMB8l5EU";54.0;"cozily";73499.0;"married";"expensive";"badminton";103053.0;"no response"
"ETaOMvrL";18.0;"active";66953.0;"single";"expensive";"athletics";72727.0;"no response"
"cGCaVowI";19.0;"active";95330.0;"married";"expensive";"athletics";36118.0;"no response"
"APplVFk0";55.0;"cozily";19413.0;"married";"practical";"soccer";39850.0;"no response"
"4dMa9NGI";17.0;"active";29786.0;"single";"practical";"soccer";130606.0;"no response"
"sLbuea0T";20.0;"active";68847.0;"single";"expensive";"athletics";88189.0;"no response"
"QvQ77Qa3";21.0;"active";65180.0;"married";"practical";"badminton";94343.0;"no response"
"R95ArrQb";41.0;"active";37030.0;"married";"expensive";"athletics";120854.0;"no response"
"3ZtaHIzo";36.0;"healthy";38621.0;"single";"expensive";"athletics";29146.0;"no response"
"CgUFyyB0";67.0;"cozily";99672.0;"single";"practical";"badminton";61096.0;"response"
"LDIqPD3G";30.0;"healthy";51283.0;"single";"practical";"badminton";148838.0;"response"
"P82zU9WH";32.0;"cozily";75542.0;"single";"expensive";"soccer";139501.0;"no response"
"ivbQk8LI";66.0;"healthy";87400.0;"single";"expensive";"soccer";104534.0;"response"
"iiI4utv2";44.0;"active";74590.0;"single";"practical";"badminton";94246.0;"no response"
"2JQcAOE4";51.0;"healthy";15137.0;"single";"expensive";"soccer";48341.0;"no response"
"XtWmz95V";16.0;"healthy";40118.0;"married";"practical";"athletics";98523.0;"no response"
"xoxsd1GS";39.0;"active";33331.0;"married";"expensive";"soccer";113802.0;"no response"
"XipUn113";28.0;"healthy";36858.0;"married";"expensive";"badminton";77543.0;"no response"
"43D0rViv";55.0;"cozily";42948.0;"single";"practical";"athletics";103482.0;"no response"
"MzOwPM3U";48.0;"healthy";97760.0;"married";"expensive";"athletics";142538.0;"response"
"2o1p9SCh";38.0;"active";39511.0;"married";"expensive";"athletics";124046.0;"no response"
"4XlBtUwM";50.0;"active";60155.0;"single";"expensive";"soccer";72660.0;"no response"
"LWzdo0xr";15.0;"cozily";23062.0;"married";"expensive";"athletics";37223.0;"no response"
"4RmXMiO2";21.0;"cozily";88013.0;"married";"expensive";"athletics";38471.0;"no response"
"JPvNIvXO";60.0;"healthy";84477.0;"single";"expensive";"soccer";81879.0;"response"
"GNrc5XXn";50.0;"active";44760.0;"married";"expensive";"badminton";37728.0;"no response"
"cPTFyTb0";41.0;"cozily";79920.0;"married";"expensive";"badminton";22409.0;"no response"
"JjIPMHRM";22.0;"healthy";84969.0;"single";"practical";"badminton";133371.0;"no response"
"LVYHwXAo";47.0;"active";54384.0;"married";"practical";"badminton";25680.0;"no response"
"9XCbkyxX";33.0;"active";41945.0;"married";"practical";"soccer";74199.0;"no response"
"eZA7IxL4";57.0;"active";11360.0;"married";"expensive";"soccer";29998.0;"no response"
"grswahze";19.0;"cozily";44185.0;"single";"practical";"soccer";42763.0;"no response"
"HqHZxs2H";52.0;"active";65309.0;"married";"expensive";"athletics";81775.0;"no response"
"BaIqbTUm";44.0;"cozily";87289.0;"single";"expensive";"athletics";53131.0;"no response"
"iRX9Lymz";58.0;"active";80947.0;"married";"practical";"badminton";31440.0;"response"
"04doiuOt";16.0;"active";46151.0;"single";"practical";"soccer";142003.0;"response"
"nephWCJP";38.0;"active";55636.0;"married";"practical";"athletics";60044.0;"no response"
"MoXRJWRK";48.0;"active";16952.0;"single";"practical";"soccer";82081.0;"no response"
"x06sbxK1";35.0;"active";14230.0;"single";"practical";"athletics";95193.0;"response"
"dZsTawNW";38.0;"healthy";22958.0;"married";"expensive";"badminton";116817.0;"no response"
"jIP5jG56";48.0;"cozily";25767.0;"single";"practical";"soccer";53299.0;"no response"
"RyZuHoOK";58.0;"active";21357.0;"single";"expensive";"athletics";80265.0;"response"
"Pr5hWdHO";56.0;"active";94733.0;"married";"expensive";"badminton";63719.0;"response"
"SxdN6kWv";55.0;"healthy";79849.0;"single";"practical";"soccer";126234.0;"no response"
"zFQhrogO";61.0;"active";25562.0;"married";"expensive";"athletics";146282.0;"response"
"CpTrrRBb";28.0;"healthy";89497.0;"married";"practical";"athletics";91257.0;"no response"
"wka01JgB";15.0;"healthy";26538.0;"single";"expensive";"badminton";63091.0;"no response"
"5t8zLTQ6";39.0;"healthy";20838.0;"married";"practical";"athletics";133570.0;"no response"
"WEPFruwW";22.0;"healthy";51994.0;"single";"expensive";"soccer";56115.0;"no response"
"5bqcArOO";42.0;"active";27482.0;"single";"expensive";"athletics";33804.0;"no response"
"gpH7Cx7x";48.0;"healthy";57428.0;"single";"practical";"athletics";124792.0;"no response"
"EVzOPLpG";43.0;"cozily";89247.0;"married";"expensive";"badminton";78491.0;"no response"
"2M4JIIGQ";19.0;"active";37244.0;"married";"expensive";"badminton";144882.0;"response"
"28rw4si6";32.0;"active";56466.0;"married";"practical";"badminton";36727.0;"no response"
"Jqll0D5m";62.0;"active";21686.0;"single";"expensive";"badminton";91847.0;"no response"
"05q4UA7E";35.0;"cozily";81193.0;"single";"practical";"soccer";53962.0;"no response"
"yPsvOqhU";39.0;"healthy";26476.0;"married";"expensive";"badminton";37752.0;"no response"
"vBqFz3bF";20.0;"active";75867.0;"married";"expensive";"soccer";59869.0;"no response"
"xovVaugR";46.0;"active";29375.0;"single";"practical";"soccer";71772.0;"no response"
"xvV5YcAl";59.0;"cozily";51843.0;"married";"expensive";"badminton";82958.0;"response"
"hlWVRlXv";49.0;"active";23989.0;"married";"expensive";"athletics";24175.0;"no response"
"OpUrRWGq";38.0;"active";78350.0;"single";"expensive";"athletics";135952.0;"no response"
"Vq3Nvp4h";21.0;"healthy";62752.0;"single";"practical";"soccer";62500.0;"no response"
"jVBlNsea";60.0;"healthy";39630.0;"single";"practical";"athletics";62288.0;"no response"
"NIGBlTI8";67.0;"active";99178.0;"married";"expensive";"soccer";111099.0;"response"
"c04HpCB0";21.0;"healthy";79547.0;"single";"expensive";"athletics";149934.0;"response"
"vmgTLgoE";44.0;"active";96515.0;"married";"expensive";"badminton";70545.0;"no response"
"TsyBEjva";31.0;"active";91978.0;"married";"expensive";"badminton";47421.0;"no response"
"KSpLXn8S";51.0;"cozily";25372.0;"single";"practical";"badminton";118181.0;"no response"
"HRYnAVvP";47.0;"active";32615.0;"married";"expensive";"athletics";29229.0;"no response"
"V4i8YNdO";34.0;"cozily";84751.0;"married";"expensive";"athletics";101682.0;"no response"
"Bgoe7Iob";20.0;"healthy";32489.0;"single";"expensive";"athletics";64001.0;"no response"
"yQS4GNjR";18.0;"active";72475.0;"single";"expensive";"badminton";79897.0;"no response"
"pweRGF4f";31.0;"healthy";91061.0;"married";"expensive";"athletics";117773.0;"no response"
"xyA9YMNy";33.0;"healthy";47096.0;"single";"expensive";"athletics";47596.0;"no response"
"R4v9WtHQ";27.0;"healthy";98838.0;"married";"expensive";"athletics";124967.0;"no response"
"N6uzEHRD";60.0;"healthy";16013.0;"single";"expensive";"soccer";131011.0;"response"
"vnAxyO3l";61.0;"cozily";78493.0;"married";"practical";"badminton";112725.0;"response"
"4NQUDtMx";26.0;"active";37268.0;"single";"expensive";"soccer";32478.0;"no response"
"iCj3A1Xq";36.0;"cozily";44853.0;"married";"practical";"soccer";99473.0;"no response"
"GBJ6vECf";48.0;"healthy";51615.0;"married";"expensive";"soccer";44112.0;"no response"
"mur5TtRQ";69.0;"cozily";11477.0;"single";"practical";"badminton";28444.0;"response"
"1phWGLe0";63.0;"active";91900.0;"single";"practical";"athletics";55800.0;"no response"
"RDYQ5R3a";33.0;"healthy";39888.0;"married";"expensive";"soccer";123767.0;"no response"
"TMy9YiOB";52.0;"healthy";23114.0;"married";"practical";"badminton";94536.0;"no response"
"6sqFHWpv";67.0;"healthy";97639.0;"single";"practical";"soccer";106729.0;"response"
"vnGcdAw5";49.0;"healthy";13960.0;"married";"expensive";"badminton";114941.0;"response"
"zk8nOTi0";32.0;"active";57333.0;"married";"practical";"badminton";31010.0;"no response"
"G5gRKhYc";36.0;"cozily";91455.0;"single";"expensive";"badminton";125527.0;"no response"
"RUUTHrXd";64.0;"healthy";75361.0;"single";"expensive";"soccer";127687.0;"response"
"ErtR9uK9";23.0;"cozily";39757.0;"married";"expensive";"soccer";128747.0;"no response"
"WijA57y1";68.0;"active";67223.0;"married";"expensive";"soccer";58574.0;"response"
"BGQgdwpl";64.0;"cozily";85505.0;"single";"expensive";"soccer";126710.0;"no response"
"6ZM3rORi";64.0;"cozily";38580.0;"married";"expensive";"athletics";92952.0;"no response"
"TPjbZ1AJ";47.0;"cozily";63893.0;"single";"practical";"athletics";62197.0;"no response"
"0gr6fWjI";63.0;"active";49201.0;"married";"expensive";"athletics";58520.0;"response"
"xGUXkDfV";68.0;"cozily";63741.0;"married";"practical";"soccer";109169.0;"response"
"ukGf4YS1";37.0;"cozily";94469.0;"married";"expensive";"soccer";119681.0;"no response"
"z4xN6xkx";60.0;"active";88984.0;"married";"practical";"badminton";31982.0;"response"
"j03M08ur";29.0;"cozily";28414.0;"married";"practical";"soccer";120080.0;"no response"
"TMGIYIEk";63.0;"healthy";97727.0;"married";"practical";"badminton";100913.0;"response"
"6TzVyzvQ";69.0;"healthy";51818.0;"single";"expensive";"athletics";77160.0;"response"
"xecO0x5s";61.0;"healthy";94086.0;"single";"expensive";"athletics";139560.0;"response"
"uaFr3cr8";65.0;"cozily";37559.0;"married";"practical";"athletics";105449.0;"no response"
"1FxbBiNi";35.0;"active";14126.0;"married";"expensive";"athletics";39544.0;"no response"
"Tpdq8rP4";21.0;"cozily";57158.0;"married";"practical";"badminton";86209.0;"no response"
"E2UYIdvo";57.0;"cozily";24091.0;"married";"practical";"badminton";26402.0;"response"
"eV6A9Sfd";54.0;"cozily";84060.0;"married";"expensive";"soccer";136104.0;"no response"
"QZOgeDAc";34.0;"healthy";12342.0;"single";"expensive";"badminton";139006.0;"response"
"lRMVcnHW";57.0;"healthy";56905.0;"married";"practical";"badminton";115172.0;"response"
"dvweVxBT";69.0;"cozily";58155.0;"single";"expensive";"soccer";117433.0;"response"
"7paKKOpc";17.0;"cozily";97409.0;"single";"expensive";"soccer";92627.0;"no response"
"aQjta5CC";28.0;"cozily";16276.0;"single";"practical";"athletics";111170.0;"no response"
"O98Z9me9";38.0;"healthy";28203.0;"single";"expensive";"soccer";72325.0;"no response"
"ZjQGScz2";34.0;"healthy";85131.0;"single";"practical";"badminton";85952.0;"no response"
"SEZ9eSMt";45.0;"active";46947.0;"married";"practical";"soccer";106940.0;"no response"
"YpTGABOe";41.0;"healthy";77590.0;"single";"practical";"soccer";149622.0;"response"
"rJMBC0oh";49.0;"healthy";86851.0;"single";"practical";"badminton";55833.0;"no response"
"RJIuBjH3";48.0;"healthy";95443.0;"married";"expensive";"soccer";64692.0;"no response"
"KF3pFaAP";21.0;"cozily";36759.0;"single";"practical";"athletics";120372.0;"no response"
"Cs9nxoWh";65.0;"healthy";96860.0;"married";"expensive";"athletics";96576.0;"response"
"WIuSxtal";66.0;"active";77586.0;"married";"expensive";"soccer";61261.0;"response"
"Frl9lXLs";41.0;"cozily";31860.0;"married";"practical";"soccer";144933.0;"response"
"JcEY4By6";44.0;"active";37363.0;"single";"expensive";"badminton";61428.0;"no response"
"nhhBSSfE";18.0;"active";24593.0;"single";"expensive";"soccer";25001.0;"no response"
"BLJ6KsWn";61.0;"healthy";64167.0;"married";"practical";"badminton";123264.0;"response"
"nkFZgkSb";59.0;"active";42665.0;"single";"expensive";"athletics";148228.0;"no response"
"6hGYtqBI";51.0;"cozily";51172.0;"single";"expensive";"soccer";20524.0;"no response"
"KxbYUjUB";29.0;"healthy";12003.0;"married";"expensive";"athletics";129178.0;"response"
"c9M17LpJ";45.0;"healthy";89236.0;"married";"expensive";"athletics";105460.0;"no response"
"yIz9e2EE";52.0;"cozily";61785.0;"single";"practical";"athletics";127792.0;"no response"
"cJFqlj4Q";61.0;"active";18092.0;"single";"practical";"soccer";126725.0;"response"
"dgacqS49";49.0;"active";61576.0;"married";"expensive";"soccer";107276.0;"no response"
"K6DBIJm3";15.0;"cozily";63298.0;"single";"practical";"badminton";146515.0;"response"
"3JANhNrJ";27.0;"cozily";98404.0;"single";"expensive";"badminton";113305.0;"no response"
"3PtIACOm";35.0;"cozily";34686.0;"single";"practical";"badminton";110274.0;"no response"
"f6rEpLOh";54.0;"active";74245.0;"married";"expensive";"soccer";72165.0;"no response"
"xYtrD61K";63.0;"cozily";62076.0;"single";"expensive";"badminton";129514.0;"response"
"HmhFGaRZ";31.0;"cozily";55809.0;"single";"expensive";"badminton";80523.0;"no response"
"PZ1GBeqi";36.0;"active";53301.0;"single";"practical";"athletics";53201.0;"no response"
"FUSCLfNv";50.0;"active";50330.0;"single";"practical";"athletics";100359.0;"no response"
"oLwiTXo2";54.0;"active";63696.0;"single";"practical";"soccer";90181.0;"no response"
"9HouZJrP";65.0;"cozily";32941.0;"married";"practical";"soccer";31036.0;"response"
"pGoTP13e";23.0;"active";73421.0;"married";"expensive";"athletics";136020.0;"no response"
"24pj45ny";66.0;"active";20303.0;"single";"practical";"badminton";89865.0;"response"
"tZuK3zi6";26.0;"cozily";15591.0;"single";"practical";"soccer";135063.0;"no response"
"vOnrfRq8";40.0;"healthy";14717.0;"married";"expensive";"badminton";42838.0;"response"
"5IBHNjsS";37.0;"active";98632.0;"single";"practical";"soccer";55034.0;"no response"
"dv6a6Hbo";65.0;"cozily";88239.0;"married";"expensive";"badminton";63245.0;"response"
"ffXj6fI2";65.0;"cozily";33712.0;"married";"practical";"soccer";93047.0;"response"
"ZOAsJAzU";22.0;"healthy";23702.0;"single";"practical";"soccer";93667.0;"no response"
"eO1Naa09";42.0;"healthy";46637.0;"single";"practical";"athletics";117676.0;"no response"
"HXfk5SNK";37.0;"cozily";71763.0;"single";"expensive";"athletics";147527.0;"response"
"Xhuhj2D1";42.0;"active";64153.0;"married";"expensive";"badminton";31411.0;"no response"
"HMbTuV61";28.0;"active";30421.0;"married";"practical";"badminton";102999.0;"no response"
"BWWeDKQi";63.0;"cozily";62318.0;"single";"practical";"athletics";103814.0;"response"
"7UyP1eUi";41.0;"cozily";32920.0;"married";"practical";"athletics";21956.0;"no response"
"ERFIvBxE";50.0;"cozily";63163.0;"married";"expensive";"badminton";30947.0;"no response"
"oZoF2Fgx";25.0;"healthy";74287.0;"single";"expensive";"badminton";75295.0;"no response"
"EkeZeccp";48.0;"cozily";50419.0;"single";"expensive";"athletics";103583.0;"no response"
"nru6wpTt";45.0;"cozily";74548.0;"married";"practical";"badminton";105311.0;"no response"
"hrk0w5P8";36.0;"healthy";66448.0;"single";"expensive";"athletics";69963.0;"no response"
"IlOKP8DI";21.0;"active";33568.0;"single";"expensive";"athletics";46181.0;"no response"
"pLTryPU3";59.0;"healthy";12890.0;"single";"expensive";"badminton";66078.0;"response"
"qa1Pi1U5";55.0;"active";92159.0;"single";"practical";"badminton";45231.0;"no response"
"KNRruNNm";45.0;"healthy";56215.0;"single";"expensive";"soccer";23242.0;"no response"
"jYEOGsno";54.0;"cozily";52004.0;"married";"expensive";"soccer";35289.0;"no response"
"V0aOAZ9W";55.0;"cozily";60586.0;"married";"expensive";"badminton";26262.0;"no response"
"2B0HLBjn";28.0;"cozily";85689.0;"single";"practical";"soccer";49098.0;"no response"
"FuPdtaTx";21.0;"healthy";43071.0;"married";"expensive";"badminton";73999.0;"no response"
"ql2l7uEY";24.0;"healthy";44610.0;"married";"expensive";"soccer";45340.0;"no response"
"yeu8BpS7";49.0;"active";19476.0;"married";"expensive";"soccer";98152.0;"no response"
"AuRVwbAA";21.0;"cozily";84840.0;"married";"expensive";"soccer";50377.0;"no response"
"sIwSsugl";33.0;"active";29931.0;"single";"expensive";"athletics";74676.0;"no response"
"j3y1urOm";26.0;"active";43782.0;"married";"practical";"athletics";105692.0;"no response"
"ijpXdikh";63.0;"healthy";47384.0;"married";"practical";"soccer";47857.0;"response"
"ECvIedoZ";25.0;"healthy";67627.0;"married";"expensive";"soccer";40964.0;"no response"
"FbWtRW0y";65.0;"active";54057.0;"single";"practical";"soccer";146966.0;"response"
"3tURkUdU";27.0;"cozily";32067.0;"married";"expensive";"athletics";103777.0;"no response"
"k32sc5kC";61.0;"cozily";86999.0;"married";"practical";"athletics";147000.0;"response"
"fQFqoQoG";37.0;"healthy";74567.0;"married";"expensive";"badminton";121903.0;"no response"
"NC1IGCRF";66.0;"cozily";12219.0;"married";"practical";"athletics";57396.0;"response"
"8Mel2PfK";48.0;"healthy";55457.0;"single";"expensive";"soccer";51709.0;"no response"
"zPxTf5va";24.0;"active";33167.0;"married";"expensive";"soccer";119188.0;"no response"
"7TQclh8N";18.0;"healthy";81170.0;"married";"expensive";"athletics";33849.0;"no response"
"NpA7g23J";23.0;"active";26599.0;"married";"practical";"soccer";77888.0;"no response"
"tCdRLiee";17.0;"healthy";74792.0;"single";"expensive";"athletics";47634.0;"no response"
"9pWKmQaI";18.0;"cozily";71139.0;"single";"practical";"badminton";142957.0;"response"
"268Ut3GT";22.0;"cozily";55107.0;"single";"expensive";"soccer";71888.0;"no response"
"sxEvRBD9";21.0;"active";68928.0;"single";"practical";"badminton";70442.0;"no response"
"JI3fod8H";24.0;"healthy";24783.0;"married";"expensive";"badminton";119525.0;"no response"
"QDhmybwI";42.0;"active";55823.0;"single";"expensive";"soccer";76054.0;"no response"
"rnI0xpU5";19.0;"active";78658.0;"married";"practical";"soccer";120713.0;"no response"
"CxSLcf7a";59.0;"active";49893.0;"single";"practical";"soccer";87322.0;"response"
"ZJAoeMZW";24.0;"healthy";40472.0;"single";"expensive";"badminton";132891.0;"no response"
"eAInTgDZ";58.0;"active";99519.0;"married";"practical";"athletics";56470.0;"response"
"B3FSwxBt";54.0;"healthy";61483.0;"single";"practical";"athletics";34041.0;"no response"
"aBcO8YxQ";41.0;"healthy";39961.0;"single";"practical";"soccer";69037.0;"no response"
"ajtooDbf";30.0;"active";24288.0;"married";"practical";"athletics";140849.0;"response"
"r2vzKq9h";31.0;"active";52505.0;"married";"expensive";"athletics";56610.0;"no response"
"l0QXJre5";54.0;"cozily";44491.0;"married";"expensive";"athletics";95531.0;"no response"
"fPYndF4l";25.0;"active";53460.0;"married";"practical";"badminton";82779.0;"no response"
"ucwSTpld";56.0;"healthy";80490.0;"single";"practical";"athletics";119505.0;"response"
"OcciNSOc";37.0;"healthy";90028.0;"married";"practical";"badminton";44899.0;"no response"
"syr2lefi";64.0;"active";19054.0;"married";"expensive";"badminton";95878.0;"response"
"KofJ0fTr";40.0;"active";65284.0;"single";"expensive";"soccer";42391.0;"no response"
"bAHkjwtZ";49.0;"healthy";33476.0;"single";"expensive";"badminton";66414.0;"no response"
"CoQeAw6a";21.0;"healthy";50982.0;"single";"expensive";"athletics";116697.0;"no response"
"z86seQIi";59.0;"healthy";44038.0;"single";"expensive";"badminton";85318.0;"no response"
"UJrOOFFL";55.0;"active";67459.0;"single";"expensive";"soccer";127642.0;"no response"
"qg7vwa7n";18.0;"active";28927.0;"married";"practical";"badminton";89117.0;"no response"
"liWEFFYv";28.0;"active";46198.0;"married";"expensive";"athletics";139164.0;"no response"
"ugusyM2n";64.0;"active";81695.0;"married";"expensive";"soccer";84087.0;"response"
"g6D20eKz";56.0;"cozily";37824.0;"single";"practical";"athletics";143865.0;"no response"
"Oo0lzq97";24.0;"active";80302.0;"married";"expensive";"soccer";87150.0;"no response"
"QISkTGyl";45.0;"healthy";79605.0;"single";"practical";"athletics";122802.0;"no response"
"Gn8wwvBs";50.0;"cozily";57090.0;"married";"practical";"badminton";28466.0;"no response"
"2B0q2OQo";41.0;"cozily";40445.0;"married";"practical";"athletics";20980.0;"no response"
"QkwN8dqb";31.0;"healthy";46174.0;"single";"expensive";"soccer";82699.0;"no response"
"fdwWrgw2";16.0;"healthy";46901.0;"single";"practical";"athletics";107071.0;"no response"
"oHB1RY6C";28.0;"cozily";74725.0;"single";"practical";"soccer";64610.0;"no response"
"73lsKvl9";36.0;"healthy";58762.0;"single";"practical";"soccer";129582.0;"no response"
"cKpwR8E2";51.0;"cozily";53440.0;"married";"practical";"badminton";144878.0;"response"
"fxVhSt59";47.0;"healthy";35780.0;"married";"practical";"soccer";30115.0;"no response"
"fcc93sp8";52.0;"cozily";99600.0;"single";"practical";"athletics";74036.0;"no response"
"xEiXf4i6";31.0;"cozily";75338.0;"married";"practical";"badminton";72542.0;"no response"
"7MgsR5Jr";44.0;"active";73682.0;"married";"expensive";"badminton";33080.0;"no response"
"8dC2FoM8";55.0;"active";13239.0;"single";"expensive";"badminton";122352.0;"response"
"3gYgClG9";22.0;"active";94988.0;"married";"expensive";"badminton";75125.0;"no response"
"VXyr09x4";44.0;"active";66605.0;"married";"practical";"soccer";92652.0;"no response"
"Upd3qPay";27.0;"cozily";16056.0;"married";"practical";"soccer";36514.0;"no response"
"gYMcCVBk";63.0;"active";12108.0;"married";"practical";"badminton";74445.0;"response"
"hYRNp1c2";51.0;"cozily";94671.0;"married";"practical";"badminton";147255.0;"response"
"EQUg8NRQ";35.0;"cozily";27264.0;"married";"practical";"soccer";149144.0;"response"
"ZoewSJFp";68.0;"active";64888.0;"single";"practical";"athletics";109874.0;"response"
"rbNBTPq6";30.0;"healthy";41569.0;"single";"expensive";"badminton";51591.0;"no response"
"DoHrVleM";26.0;"healthy";59120.0;"single";"expensive";"soccer";48694.0;"no response"
"FW9oMFKp";18.0;"active";50215.0;"single";"expensive";"soccer";116614.0;"no response"
"CUfHNdz5";34.0;"active";60069.0;"single";"expensive";"badminton";42355.0;"no response"
"6gChUxoF";35.0;"active";33149.0;"married";"practical";"athletics";144312.0;"response"
"HtkHxdUX";62.0;"healthy";89265.0;"married";"practical";"athletics";101939.0;"response"
"mQ7CBhPD";60.0;"cozily";92303.0;"single";"expensive";"athletics";92417.0;"no response"
"z0zI9KSl";66.0;"cozily";90434.0;"married";"expensive";"athletics";143631.0;"response"
"R87K3R8E";48.0;"cozily";95340.0;"single";"practical";"badminton";28211.0;"no response"
"Djb9XN18";18.0;"active";78837.0;"married";"expensive";"athletics";80373.0;"no response"
"yCCGGXHF";34.0;"active";44248.0;"married";"expensive";"badminton";63855.0;"no response"
"vfjep5jM";35.0;"healthy";26451.0;"married";"practical";"badminton";44003.0;"no response"
"0qRpVqev";38.0;"healthy";83447.0;"married";"practical";"badminton";46648.0;"no response"
"WtfEKlc2";54.0;"cozily";64290.0;"married";"expensive";"badminton";87403.0;"no response"
"GEtT1ve5";38.0;"active";62430.0;"married";"practical";"athletics";69255.0;"no response"
"ILk7BesP";61.0;"active";22424.0;"single";"practical";"athletics";115997.0;"response"
"KdIqMh7E";31.0;"healthy";13827.0;"married";"practical";"soccer";148276.0;"response"
"jvSf8lad";64.0;"healthy";57513.0;"single";"practical";"badminton";113263.0;"response"
"7fa4KAfy";35.0;"active";85527.0;"married";"expensive";"athletics";33636.0;"no response"
"erJCQZdm";53.0;"active";98701.0;"single";"expensive";"badminton";114468.0;"no response"
"09npkk8w";61.0;"healthy";79488.0;"married";"practical";"badminton";139087.0;"no response"
"mdzfi62S";53.0;"active";23597.0;"single";"practical";"soccer";144302.0;"response"
"wopOTwI1";61.0;"cozily";71233.0;"married";"expensive";"soccer";123275.0;"response"
"VqQxGHwX";32.0;"healthy";25574.0;"single";"practical";"athletics";146419.0;"response"
"7MUub4oW";63.0;"cozily";48512.0;"single";"expensive";"badminton";75084.0;"response"
"2YuVJYVv";45.0;"healthy";88844.0;"married";"expensive";"soccer";77768.0;"no response"
"R4LklkUm";41.0;"healthy";19805.0;"married";"expensive";"athletics";20059.0;"no response"
"tAmGxhei";51.0;"cozily";63003.0;"single";"practical";"soccer";57878.0;"no response"
"HK3sBy1h";21.0;"cozily";19900.0;"married";"expensive";"soccer";85613.0;"no response"
"iWqvtp4S";20.0;"active";56920.0;"single";"expensive";"badminton";115426.0;"no response"
"lTk5ee34";41.0;"cozily";56674.0;"married";"expensive";"badminton";105904.0;"no response"
"17zOLlFy";69.0;"cozily";75304.0;"married";"practical";"badminton";89906.0;"no response"
"Cxq34evX";43.0;"healthy";12537.0;"single";"expensive";"badminton";138111.0;"no response"
"zZ9PKiib";40.0;"healthy";97248.0;"single";"practical";"soccer";81846.0;"no response"
"RK6BB85E";60.0;"active";12345.0;"married";"expensive";"athletics";97279.0;"response"
"qJpdHcxq";61.0;"healthy";38454.0;"single";"practical";"soccer";110891.0;"response"
"ODE4n761";68.0;"healthy";38704.0;"married";"practical";"athletics";143115.0;"response"
"R7t7eaHe";69.0;"healthy";67835.0;"married";"practical";"soccer";118398.0;"no response"
"juzc676l";23.0;"healthy";43942.0;"single";"expensive";"soccer";86595.0;"no response"
"epki0rbJ";69.0;"cozily";98715.0;"married";"practical";"soccer";89283.0;"response"
"VxpJzFXb";24.0;"active";54714.0;"single";"expensive";"athletics";128802.0;"no response"
"fZAHngwt";19.0;"active";91286.0;"married";"practical";"athletics";53901.0;"no response"
"yJ0VrdM1";69.0;"cozily";18035.0;"single";"expensive";"badminton";42051.0;"response"
"vsMRROG4";69.0;"active";89414.0;"single";"practical";"athletics";26472.0;"response"
"3envqtT7";35.0;"healthy";93836.0;"married";"practical";"soccer";34837.0;"no response"
"92IqWnJo";33.0;"cozily";94739.0;"married";"expensive";"athletics";79336.0;"no response"
"adUHUKIR";15.0;"cozily";16800.0;"single";"practical";"badminton";60874.0;"no response"
"OBCaCDQR";54.0;"healthy";34261.0;"single";"practical";"badminton";121890.0;"no response"
"BHpMtTWi";26.0;"healthy";62874.0;"single";"practical";"athletics";140398.0;"response"
"wZZLAicw";49.0;"cozily";75368.0;"married";"expensive";"badminton";93337.0;"no response"
"oykxsF7j";22.0;"healthy";14823.0;"married";"practical";"badminton";21400.0;"response"
"ljP7CVay";62.0;"active";40285.0;"single";"practical";"soccer";73406.0;"response"
"NaSpBU5V";58.0;"healthy";18547.0;"single";"practical";"badminton";96724.0;"response"
"0LUWbkAY";24.0;"active";20450.0;"single";"practical";"athletics";64159.0;"no response"
"u0dlLtQ8";49.0;"cozily";41870.0;"single";"practical";"badminton";59791.0;"no response"
"40UYalH9";54.0;"healthy";40269.0;"married";"practical";"badminton";39906.0;"no response"
"QrbqqMEd";68.0;"cozily";52878.0;"single";"practical";"soccer";136595.0;"response"
"NvkIoJXr";53.0;"active";13138.0;"married";"expensive";"athletics";115189.0;"no response"
"ompKoGRO";50.0;"cozily";41147.0;"married";"expensive";"athletics";76511.0;"no response"
"iRlLyyMw";22.0;"active";91176.0;"single";"expensive";"badminton";130892.0;"no response"
"rA1UErcE";16.0;"healthy";75456.0;"single";"practical";"badminton";127804.0;"no response"
"7uMhQkX2";47.0;"healthy";21311.0;"single";"expensive";"soccer";61950.0;"no response"
"PfP22h1p";15.0;"cozily";50141.0;"single";"practical";"badminton";133976.0;"no response"
"RyV8Udaa";22.0;"active";21070.0;"single";"practical";"athletics";148678.0;"response"
"2LNS4Q6c";58.0;"healthy";76007.0;"single";"expensive";"soccer";114203.0;"response"
"wgHGQeWs";28.0;"healthy";83731.0;"married";"practical";"athletics";56539.0;"no response"
"PmmIFFPv";55.0;"healthy";79622.0;"married";"expensive";"soccer";20353.0;"no response"
"jOOjxNNn";51.0;"healthy";48284.0;"single";"practical";"soccer";103544.0;"no response"
"ahBCgaGy";39.0;"active";86912.0;"married";"expensive";"soccer";80363.0;"no response"
"emvRWFTg";31.0;"healthy";50494.0;"married";"practical";"athletics";112169.0;"no response"
"I1Jkb35x";63.0;"healthy";92710.0;"married";"practical";"soccer";121758.0;"response"
"Ll1COZSS";62.0;"cozily";12656.0;"married";"practical";"soccer";45660.0;"response"
"CvMTFZRM";66.0;"active";80791.0;"married";"expensive";"soccer";23647.0;"response"
"Zug3X6dt";59.0;"active";80765.0;"single";"expensive";"soccer";49733.0;"no response"
"kalsCd58";19.0;"active";35560.0;"married";"expensive";"soccer";86765.0;"no response"
"6nwI6LAF";48.0;"healthy";54184.0;"married";"practical";"athletics";109352.0;"no response"
"KIeyzvEs";33.0;"active";95706.0;"married";"expensive";"athletics";109851.0;"no response"
"ufv57jrB";53.0;"cozily";13698.0;"married";"expensive";"badminton";20788.0;"response"
"uaGuFB2O";36.0;"active";27638.0;"single";"practical";"soccer";133526.0;"no response"
"1ZlSQCqR";58.0;"active";54262.0;"married";"expensive";"athletics";29985.0;"response"
"gWknnKDY";42.0;"active";11320.0;"single";"practical";"soccer";86175.0;"response"
"Mw0OnsUH";29.0;"active";19239.0;"married";"expensive";"soccer";25195.0;"no response"
"JWoTsh2v";16.0;"cozily";27153.0;"single";"expensive";"athletics";129013.0;"no response"
"Nk4Zf7WN";52.0;"healthy";83557.0;"single";"expensive";"badminton";27768.0;"no response"
"wqPk0mTn";68.0;"active";61276.0;"single";"practical";"athletics";54998.0;"response"
"ICbKhNsz";29.0;"cozily";28493.0;"single";"expensive";"soccer";73027.0;"no response"
"JHmZhg4b";28.0;"healthy";58902.0;"married";"expensive";"badminton";132426.0;"no response"
"NJ4l3Og5";30.0;"cozily";87973.0;"married";"practical";"athletics";104555.0;"no response"
"afY0M1q5";24.0;"active";20073.0;"married";"practical";"badminton";34054.0;"no response"
"zznm3QIJ";18.0;"cozily";32959.0;"single";"expensive";"soccer";37815.0;"no response"
"zOUQ6ZYp";68.0;"healthy";71092.0;"married";"practical";"soccer";65995.0;"response"
"MOXa2mcp";19.0;"active";28241.0;"married";"practical";"soccer";41118.0;"no response"
"QlS1GksI";19.0;"healthy";61704.0;"married";"expensive";"athletics";78512.0;"no response"
"MfeiVLlW";17.0;"active";17760.0;"single";"expensive";"athletics";23188.0;"no response"
"cGqo3JFb";47.0;"healthy";83845.0;"married";"expensive";"athletics";53943.0;"no response"
"MvdfQDNH";38.0;"cozily";88073.0;"married";"expensive";"soccer";137904.0;"no response"
"6UFxfGO4";32.0;"cozily";26838.0;"single";"expensive";"soccer";21398.0;"no response"
"kfDW3pn3";36.0;"cozily";35240.0;"single";"practical";"athletics";23319.0;"no response"
"DWJQ8vFy";44.0;"cozily";40072.0;"single";"expensive";"badminton";80854.0;"no response"
"QE8XhWiE";55.0;"cozily";11337.0;"married";"practical";"badminton";131191.0;"response"
"w6l63ttl";32.0;"cozily";98052.0;"single";"expensive";"athletics";71275.0;"no response"
"WJKyCYCN";28.0;"cozily";67719.0;"married";"expensive";"badminton";64204.0;"no response"
"T3gKaB0t";48.0;"cozily";33232.0;"single";"expensive";"soccer";69222.0;"no response"
"BoUJZyeE";68.0;"healthy";30205.0;"single";"practical";"badminton";76186.0;"response"
"i4FRXr2c";63.0;"active";17225.0;"married";"expensive";"athletics";99117.0;"response"
"oNNXq9X9";50.0;"healthy";54662.0;"single";"expensive";"badminton";100216.0;"no response"
"EAtkjdfG";67.0;"active";31883.0;"married";"expensive";"badminton";136015.0;"response"
"W5ZOQSEA";19.0;"active";31029.0;"single";"practical";"soccer";106334.0;"no response"
"Ghoyn4tO";19.0;"healthy";47528.0;"single";"expensive";"athletics";103713.0;"no response"
"vYzWWuwq";54.0;"healthy";23585.0;"single";"expensive";"athletics";102263.0;"no response"
"NJvBPpTe";59.0;"active";96565.0;"single";"practical";"badminton";97650.0;"no response"
"j9PVwmAo";50.0;"healthy";23230.0;"single";"expensive";"athletics";124901.0;"no response"
"dCkulTy8";60.0;"cozily";11358.0;"single";"practical";"badminton";67339.0;"no response"
"k7A7Y2OO";29.0;"cozily";36999.0;"married";"expensive";"athletics";22756.0;"no response"
"7wo3gCpY";63.0;"cozily";82180.0;"married";"expensive";"soccer";99156.0;"response"
"aVVTOzcS";42.0;"active";24981.0;"single";"expensive";"athletics";97726.0;"no response"
"O9OYpqi5";67.0;"active";27607.0;"married";"practical";"soccer";23242.0;"response"
"pluXYuW5";27.0;"healthy";18753.0;"married";"practical";"soccer";124268.0;"no response"
"M4igWZAb";51.0;"active";27961.0;"single";"expensive";"athletics";53039.0;"no response"
"yYap5ljD";61.0;"active";46521.0;"single";"expensive";"athletics";30172.0;"response"
"UialQOIH";35.0;"cozily";75611.0;"married";"practical";"athletics";114090.0;"no response"
"gRDZEPoy";20.0;"healthy";38603.0;"single";"expensive";"soccer";103278.0;"no response"
"2q1x3BBw";37.0;"active";61040.0;"married";"practical";"soccer";24274.0;"no response"
"p8MFOAs5";56.0;"active";41944.0;"single";"expensive";"badminton";43085.0;"response"
"ptSwBLTa";20.0;"healthy";50895.0;"single";"practical";"athletics";143744.0;"response"
"Tv8czrQ7";21.0;"cozily";37022.0;"married";"expensive";"badminton";20800.0;"no response"
"RF3Aci5Y";46.0;"cozily";72006.0;"married";"expensive";"badminton";82757.0;"no response"
"zpbU4Ne8";65.0;"healthy";13946.0;"single";"practical";"badminton";109420.0;"response"
"QMuqE7yx";48.0;"cozily";24574.0;"single";"expensive";"soccer";79856.0;"no response"
"5dmSol6n";66.0;"cozily";89326.0;"married";"expensive";"soccer";32813.0;"response"
"mV3ywJgR";17.0;"cozily";89335.0;"married";"practical";"athletics";143606.0;"response"
"VpoERfOj";63.0;"healthy";17071.0;"married";"practical";"soccer";62143.0;"response"
"rrwHKliE";20.0;"cozily";12088.0;"single";"practical";"badminton";58465.0;"response"
"UVQxtOnh";22.0;"active";50842.0;"single";"practical";"badminton";127552.0;"no response"
"qV5LC0ni";38.0;"active";73921.0;"married";"expensive";"soccer";43167.0;"no response"
"2aChRp8Z";46.0;"healthy";92397.0;"single";"practical";"badminton";59106.0;"no response"
"MKeCirit";24.0;"cozily";83242.0;"married";"expensive";"athletics";68389.0;"no response"
"0xGG9r7X";66.0;"cozily";33400.0;"single";"expensive";"athletics";82261.0;"response"
"cFW82J9S";43.0;"healthy";77118.0;"married";"expensive";"athletics";132683.0;"no response"
"JJ2GwqqT";16.0;"active";61280.0;"married";"practical";"soccer";143716.0;"response"
"Mam6GtqA";63.0;"cozily";15631.0;"single";"practical";"athletics";82253.0;"response"
"WwopFFdt";44.0;"active";32665.0;"single";"practical";"badminton";34471.0;"no response"
"LgU2wqOy";15.0;"healthy";48615.0;"married";"practical";"soccer";83243.0;"no response"
"rNAhZENv";42.0;"healthy";39370.0;"married";"expensive";"soccer";88828.0;"no response"
"Ybkcbpru";15.0;"cozily";77972.0;"single";"practical";"badminton";127383.0;"no response"
"GFgT5dOs";30.0;"active";59578.0;"married";"expensive";"badminton";80408.0;"no response"
"q8AgpmcX";47.0;"cozily";72113.0;"married";"expensive";"soccer";77878.0;"no response"
"cpHmlfyl";45.0;"cozily";87088.0;"married";"practical";"athletics";78317.0;"no response"
"7qOxq20O";64.0;"active";41954.0;"married";"expensive";"athletics";133431.0;"response"
"dwoM5aVW";34.0;"cozily";15530.0;"single";"expensive";"soccer";84316.0;"no response"
"eblACEOH";54.0;"cozily";41893.0;"married";"practical";"athletics";109855.0;"no response"
"b2SF0yDa";34.0;"active";19079.0;"single";"expensive";"badminton";114407.0;"no response"
"J15PDlDi";42.0;"healthy";13958.0;"single";"expensive";"badminton";124778.0;"response"
"3pifxrka";47.0;"cozily";21280.0;"married";"practical";"athletics";106939.0;"no response"
"2j2RU5GR";44.0;"cozily";21834.0;"married";"practical";"badminton";125112.0;"no response"
"yjBzVe5Q";37.0;"active";61763.0;"single";"expensive";"badminton";108954.0;"no response"
"7CSJKRSL";49.0;"cozily";38191.0;"married";"practical";"soccer";124999.0;"no response"
"HVQl5F3H";63.0;"active";69442.0;"married";"expensive";"athletics";90651.0;"response"
"Hvnbrwwc";64.0;"cozily";44183.0;"single";"expensive";"athletics";32153.0;"response"
"5xl1Rv0i";51.0;"cozily";42654.0;"single";"practical";"athletics";140521.0;"response"
"Kt7tdi1L";63.0;"healthy";42779.0;"married";"expensive";"athletics";59789.0;"response"
"gpgjXMKT";64.0;"healthy";82360.0;"single";"expensive";"soccer";79195.0;"response"
"2SYnG1GW";38.0;"active";63671.0;"single";"practical";"soccer";149208.0;"response"
"kv8RJL8U";22.0;"healthy";53920.0;"single";"practical";"badminton";42076.0;"no response"
"VG7NiETl";51.0;"healthy";12817.0;"single";"expensive";"soccer";83388.0;"response"
"aQERAPyp";53.0;"healthy";53562.0;"single";"expensive";"soccer";52771.0;"no response"
"tBnlARl3";44.0;"healthy";47693.0;"married";"expensive";"athletics";31744.0;"no response"
"5b7Jw7e4";20.0;"cozily";71551.0;"married";"expensive";"athletics";147069.0;"response"
"VjdtfkQU";36.0;"healthy";47654.0;"married";"expensive";"badminton";83525.0;"no response"
"Su0ucfT0";41.0;"cozily";59762.0;"married";"expensive";"athletics";62554.0;"no response"
"XH7xVfAp";53.0;"active";57817.0;"married";"expensive";"soccer";139511.0;"no response"
"PcnIzIA9";35.0;"active";59811.0;"single";"expensive";"soccer";147483.0;"response"
"F0vtIcMG";44.0;"healthy";56274.0;"married";"expensive";"athletics";58174.0;"no response"
"vMBxaS7N";41.0;"cozily";78394.0;"single";"expensive";"badminton";40154.0;"no response"
"TIGAgb1q";16.0;"cozily";16373.0;"single";"practical";"soccer";88484.0;"no response"
"vr6y2GFc";17.0;"cozily";70606.0;"single";"expensive";"badminton";136455.0;"no response"
"3jaZUFlL";47.0;"cozily";66724.0;"married";"expensive";"badminton";53885.0;"no response"
"IbkkHNEc";38.0;"healthy";14922.0;"married";"practical";"athletics";149824.0;"response"
"A2nPGLPJ";28.0;"cozily";77767.0;"married";"practical";"soccer";72816.0;"no response"
"NtUaI9jX";33.0;"healthy";70171.0;"single";"practical";"athletics";92831.0;"no response"
"JSheakpu";64.0;"cozily";23661.0;"single";"practical";"athletics";58728.0;"response"
"j6jSlEv4";35.0;"active";46563.0;"married";"practical";"badminton";69946.0;"no response"
"BnwE0v78";68.0;"active";37110.0;"married";"practical";"soccer";127395.0;"response"
"pvCuM8Te";22.0;"healthy";68203.0;"single";"practical";"soccer";80956.0;"no response"
"LMHOhHh7";34.0;"cozily";94689.0;"single";"practical";"soccer";119945.0;"no response"
"uxd2fki4";32.0;"healthy";49769.0;"married";"expensive";"athletics";36669.0;"no response"
"aegVcLiU";24.0;"cozily";69885.0;"married";"practical";"athletics";41652.0;"no response"
"gxnFH5lj";56.0;"active";14016.0;"married";"expensive";"soccer";47227.0;"response"
"JsTVEpNo";55.0;"healthy";28964.0;"married";"practical";"athletics";100815.0;"no response"
"orrECkDK";32.0;"active";71191.0;"married";"practical";"soccer";32238.0;"no response"
"0P7SOSb4";58.0;"active";45951.0;"single";"practical";"athletics";70174.0;"response"
"PKlguSZL";34.0;"healthy";15822.0;"married";"practical";"athletics";39557.0;"no response"
"rSnPA1vn";65.0;"cozily";49065.0;"single";"expensive";"soccer";36177.0;"response"
"EJiBVBMN";59.0;"active";67100.0;"single";"expensive";"badminton";149292.0;"response"
"trn90TyL";24.0;"active";83256.0;"single";"expensive";"badminton";148102.0;"response"
"umqWWbzB";46.0;"cozily";23531.0;"single";"practical";"athletics";103070.0;"no response"
"dEf6ZNlM";28.0;"healthy";23654.0;"single";"practical";"athletics";52863.0;"no response"
"Lq2sZgSU";69.0;"healthy";19009.0;"single";"practical";"soccer";80781.0;"response"
"vP5D5D9l";65.0;"healthy";36746.0;"married";"expensive";"badminton";93659.0;"response"
"hLbQZIW1";22.0;"active";64831.0;"married";"expensive";"badminton";126156.0;"no response"
"5xWleUtn";35.0;"active";99615.0;"single";"practical";"badminton";71080.0;"no response"
"sIVwQ57U";27.0;"active";18119.0;"married";"practical";"soccer";117809.0;"no response"
"NVmiLudM";23.0;"healthy";92516.0;"single";"practical";"athletics";113064.0;"no response"
"kqmJTuyK";61.0;"healthy";57357.0;"single";"practical";"badminton";53765.0;"response"
"3eHcOPBN";19.0;"healthy";95959.0;"married";"practical";"athletics";134410.0;"no response"
"iSihPDzY";37.0;"cozily";34395.0;"married";"expensive";"athletics";25944.0;"no response"
"YVBmPn6B";27.0;"healthy";37114.0;"single";"expensive";"soccer";94326.0;"no response"
"BdBChyIx";59.0;"cozily";94478.0;"married";"expensive";"badminton";117636.0;"response"
"vB5rSDEZ";66.0;"active";31666.0;"single";"practical";"athletics";25319.0;"response"
"1ahPNYpR";66.0;"active";23071.0;"married";"expensive";"athletics";31559.0;"response"
"TfwmWQIF";38.0;"cozily";62014.0;"married";"expensive";"badminton";46753.0;"no response"
"GB53ioSB";24.0;"active";12148.0;"married";"practical";"soccer";37589.0;"response"
"NGcnepI1";44.0;"cozily";56728.0;"single";"expensive";"soccer";142063.0;"response"
"2Fa5pbbG";20.0;"cozily";42490.0;"married";"expensive";"badminton";42950.0;"no response"
"4XebZ1nK";48.0;"active";37365.0;"single";"practical";"badminton";146719.0;"response"
"u5fXdRlf";32.0;"cozily";90890.0;"single";"expensive";"soccer";37049.0;"no response"
"9JWYgvIb";63.0;"active";73271.0;"married";"expensive";"soccer";108279.0;"response"
"lnJoTD2k";24.0;"healthy";82350.0;"married";"expensive";"athletics";22067.0;"no response"
"dKcqJSx3";16.0;"active";33970.0;"single";"practical";"badminton";76036.0;"no response"
"WRUCx6tf";27.0;"cozily";59070.0;"married";"practical";"soccer";121859.0;"no response"
"fYPctfc6";43.0;"cozily";57363.0;"single";"practical";"badminton";66471.0;"no response"
"LacId9U9";60.0;"active";15861.0;"married";"practical";"soccer";130871.0;"response"
"RoQ9qtbK";17.0;"cozily";12647.0;"married";"practical";"soccer";95877.0;"response"
"0GcHOO6b";69.0;"healthy";30739.0;"single";"expensive";"soccer";36524.0;"response"
"REaaHiy3";22.0;"healthy";78554.0;"single";"expensive";"soccer";119925.0;"no response"
"UmRsYjLJ";62.0;"cozily";29789.0;"married";"practical";"soccer";127295.0;"no response"
"VxNOrgD0";57.0;"active";93944.0;"married";"expensive";"athletics";84187.0;"response"
"oizn4PYK";48.0;"healthy";77919.0;"married";"practical";"badminton";39986.0;"no response"
"bk3LCvDK";18.0;"healthy";44448.0;"married";"expensive";"badminton";76850.0;"no response"
"1SgGtjAh";63.0;"cozily";10274.0;"married";"expensive";"badminton";32857.0;"response"
"JpsROVMp";69.0;"cozily";41249.0;"single";"practical";"badminton";107851.0;"no response"
"nyvbtLVt";41.0;"cozily";69121.0;"married";"practical";"soccer";43230.0;"no response"
"IrpxPQoz";67.0;"active";22609.0;"married";"expensive";"athletics";71398.0;"no response"
"PCNHjFif";40.0;"healthy";11060.0;"single";"expensive";"badminton";80818.0;"response"
"ohn7LgMs";57.0;"active";42744.0;"single";"practical";"badminton";128108.0;"no response"
"0hWO9aMn";51.0;"cozily";16762.0;"married";"practical";"athletics";104264.0;"no response"
"TwKUqsVS";52.0;"cozily";71599.0;"married";"expensive";"soccer";91726.0;"no response"
"9E2GboAZ";53.0;"healthy";23350.0;"married";"expensive";"athletics";65743.0;"no response"
"z2ldEKpK";30.0;"cozily";21303.0;"married";"expensive";"soccer";75644.0;"no response"
"FpF8elEU";59.0;"healthy";51090.0;"married";"expensive";"badminton";130489.0;"response"
"OBkbRDTh";30.0;"active";28659.0;"single";"expensive";"athletics";104588.0;"no response"
"P7rgK2Yt";38.0;"active";99166.0;"single";"expensive";"badminton";102054.0;"no response"
"sMckkCRl";22.0;"active";19835.0;"single";"practical";"badminton";126068.0;"no response"
"ZwaIUSvV";62.0;"cozily";56914.0;"married";"practical";"athletics";53986.0;"response"
"06w8MZY7";37.0;"active";26370.0;"married";"expensive";"badminton";38747.0;"no response"
"lcsvrxee";26.0;"cozily";11485.0;"married";"expensive";"soccer";105473.0;"response"
"BaIh8sUk";21.0;"cozily";14865.0;"single";"practical";"badminton";29931.0;"response"
"S4tSsDKS";39.0;"active";36219.0;"single";"practical";"soccer";79022.0;"no response"
"4bBoIUso";25.0;"active";65557.0;"married";"expensive";"athletics";48084.0;"no response"
"wJJ6M4Rl";51.0;"active";71758.0;"single";"expensive";"badminton";38691.0;"no response"
"tELosZLZ";29.0;"active";25506.0;"single";"expensive";"soccer";38238.0;"no response"
"JmmUoqEg";31.0;"active";32881.0;"single";"practical";"soccer";93717.0;"no response"
"yiA3nUz5";57.0;"cozily";76155.0;"single";"practical";"soccer";58975.0;"response"
"0bKfAcNj";25.0;"cozily";43674.0;"single";"practical";"athletics";139825.0;"no response"
"XJFX8Hki";59.0;"healthy";63249.0;"married";"expensive";"soccer";23139.0;"response"
"Xbbp3e1I";16.0;"healthy";51683.0;"single";"expensive";"athletics";56649.0;"no response"
"1rdono6S";53.0;"cozily";44759.0;"married";"practical";"badminton";118484.0;"no response"
"bMRdxxSv";23.0;"healthy";37753.0;"single";"expensive";"soccer";22488.0;"no response"
"yrIFY1mM";52.0;"cozily";72498.0;"married";"expensive";"athletics";29381.0;"no response"
"FqXs0Owj";42.0;"cozily";93864.0;"married";"practical";"soccer";22731.0;"no response"
"ZLk7jHc7";55.0;"cozily";22312.0;"married";"expensive";"athletics";74895.0;"no response"
"fLsAsDh8";41.0;"cozily";93239.0;"single";"expensive";"badminton";149559.0;"response"
"4Jibdlxx";57.0;"cozily";60566.0;"single";"expensive";"badminton";23529.0;"response"
"gTGJ4Qql";19.0;"healthy";93305.0;"single";"expensive";"athletics";92438.0;"no response"
"aeXqzlu0";54.0;"cozily";93255.0;"married";"expensive";"soccer";98129.0;"no response"
"xyzTvmdY";45.0;"cozily";98197.0;"married";"expensive";"badminton";67815.0;"no response"
"SxvbsGIR";30.0;"healthy";49307.0;"married";"expensive";"athletics";43362.0;"no response"
"6Nbiv2Y8";36.0;"cozily";80312.0;"married";"practical";"badminton";70270.0;"no response"
"FdCMuJon";19.0;"cozily";16705.0;"single";"practical";"badminton";143694.0;"response"
"lgZwrUrq";48.0;"cozily";82644.0;"married";"expensive";"athletics";44503.0;"no response"
"pnidIrhv";45.0;"healthy";27985.0;"married";"expensive";"athletics";58010.0;"no response"
"nRvndxKy";49.0;"cozily";79162.0;"single";"practical";"soccer";81672.0;"no response"
"Vz2yVeZN";21.0;"healthy";96106.0;"single";"expensive";"soccer";58205.0;"no response"
"33Mp16xI";34.0;"healthy";75276.0;"single";"practical";"soccer";64247.0;"no response"
"0KduezFx";66.0;"active";88892.0;"married";"practical";"athletics";91005.0;"response"
"yUAIv10c";35.0;"cozily";30002.0;"married";"expensive";"soccer";119116.0;"no response"
"STmsonqh";68.0;"healthy";62699.0;"married";"practical";"athletics";101968.0;"response"
"wgcEFoBt";45.0;"healthy";77656.0;"married";"practical";"soccer";112203.0;"no response"
"XqJnpWnZ";65.0;"active";67579.0;"married";"expensive";"athletics";27505.0;"response"
"1el5OKS2";47.0;"active";15809.0;"married";"expensive";"athletics";144957.0;"response"
"nMIeaVLt";29.0;"cozily";11034.0;"single";"practical";"badminton";33471.0;"response"
"2FF0Z10s";20.0;"active";87207.0;"married";"practical";"badminton";21411.0;"no response"
"QM6WoYjs";16.0;"active";89187.0;"single";"expensive";"athletics";24662.0;"no response"
"NIFARTY8";67.0;"healthy";22565.0;"single";"expensive";"soccer";90876.0;"response"
"PXoJl7iA";35.0;"healthy";64651.0;"single";"expensive";"soccer";103551.0;"no response"
"rstKTeZW";51.0;"healthy";19684.0;"married";"expensive";"athletics";69916.0;"no response"
"9B3M9Zh0";35.0;"cozily";38675.0;"single";"expensive";"athletics";41378.0;"no response"
"AH1R4yA0";57.0;"active";30597.0;"married";"practical";"badminton";45221.0;"response"
"vQpToMrb";39.0;"healthy";18009.0;"single";"practical";"badminton";23440.0;"no response"
"Nq5qcM85";62.0;"healthy";43525.0;"single";"practical";"soccer";23339.0;"response"
"xF5SOXqG";46.0;"healthy";28534.0;"married";"expensive";"soccer";129171.0;"no response"
"ISmkTtlp";64.0;"healthy";66032.0;"single";"practical";"badminton";112323.0;"response"
"xzFPIHYQ";44.0;"healthy";90819.0;"single";"expensive";"soccer";87547.0;"no response"
"YzewBwNF";65.0;"active";78115.0;"married";"practical";"badminton";88564.0;"response"
"B3Tqv1T8";30.0;"active";77776.0;"single";"practical";"badminton";105852.0;"no response"
"luKjVwuQ";69.0;"active";67972.0;"married";"practical";"soccer";80396.0;"response"
"1YZgtmba";20.0;"active";12620.0;"married";"practical";"soccer";34197.0;"response"
"6X5U68aG";45.0;"healthy";85084.0;"single";"expensive";"soccer";67058.0;"no response"
"Dlpic7Sq";17.0;"cozily";39143.0;"married";"practical";"soccer";116927.0;"no response"
"zIA1fXnO";60.0;"cozily";23616.0;"married";"expensive";"athletics";41180.0;"response"
"JPpHFWdQ";52.0;"active";92562.0;"married";"practical";"badminton";91515.0;"no response"
"dLTrxLwR";23.0;"active";33883.0;"single";"expensive";"soccer";49422.0;"no response"
"oDrDJPov";40.0;"healthy";12580.0;"married";"practical";"soccer";55017.0;"response"
"zTjXDwiS";64.0;"healthy";68438.0;"single";"expensive";"soccer";140914.0;"response"
"WfIG2Xnq";34.0;"active";95798.0;"married";"practical";"athletics";104114.0;"no response"
"lsMA1XMP";37.0;"cozily";99614.0;"married";"expensive";"badminton";99922.0;"no response"
"z7n89scr";20.0;"cozily";95487.0;"married";"expensive";"badminton";129224.0;"no response"
"f1OAMts3";59.0;"cozily";44645.0;"married";"expensive";"soccer";89645.0;"response"
"hBo6tzei";63.0;"cozily";11844.0;"married";"expensive";"soccer";20869.0;"no response"
"uOB9ySCe";25.0;"active";82356.0;"single";"expensive";"soccer";23415.0;"no response"
"HWQgbJjN";17.0;"healthy";38177.0;"married";"expensive";"athletics";81830.0;"no response"
"ksVk3ErX";50.0;"cozily";23495.0;"married";"practical";"badminton";116646.0;"no response"
"kxN56d4D";26.0;"cozily";42152.0;"married";"expensive";"athletics";71579.0;"no response"
"jTmUwMZs";67.0;"active";63103.0;"married";"practical";"badminton";66213.0;"response"
"GZO4I7k4";60.0;"active";30059.0;"single";"practical";"athletics";24495.0;"response"
"WRjyMKo7";61.0;"healthy";96386.0;"single";"practical";"soccer";127167.0;"no response"
"TeIVEscE";43.0;"healthy";94878.0;"married";"practical";"badminton";115841.0;"no response"
"ZabqF6tw";27.0;"healthy";98416.0;"married";"practical";"athletics";116185.0;"no response"
"yeeuUymO";49.0;"cozily";82444.0;"married";"practical";"athletics";32820.0;"no response"
"63qOnGlo";15.0;"cozily";79451.0;"married";"practical";"soccer";72495.0;"no response"
"t1NYvLQ3";40.0;"healthy";23504.0;"married";"practical";"soccer";115882.0;"no response"
"aAYDxFVO";60.0;"active";83113.0;"married";"practical";"soccer";103332.0;"response"
"LwTHJI6p";31.0;"active";70118.0;"married";"practical";"badminton";63819.0;"no response"
"CtF6D1F3";46.0;"active";41557.0;"married";"expensive";"soccer";72623.0;"no response"
"zdBSRMb4";16.0;"healthy";96327.0;"single";"expensive";"soccer";95682.0;"no response"
"5iDOicPl";17.0;"cozily";35225.0;"married";"expensive";"badminton";22018.0;"no response"
"7qu4vvTd";35.0;"healthy";12474.0;"married";"practical";"badminton";115916.0;"response"
"7nBtJmtQ";18.0;"cozily";97957.0;"single";"expensive";"soccer";128886.0;"no response"
"m0rjjgDh";59.0;"cozily";65024.0;"single";"expensive";"soccer";140834.0;"no response"
"BgnhRs1v";39.0;"cozily";19699.0;"single";"expensive";"athletics";87274.0;"no response"
"ETVEijVG";43.0;"active";51841.0;"single";"expensive";"soccer";105586.0;"no response"
"uO9TwcRQ";33.0;"cozily";34407.0;"single";"expensive";"athletics";145155.0;"response"
"gaqEnLOc";38.0;"healthy";33647.0;"married";"expensive";"badminton";90039.0;"no response"
"N4YB3jvl";18.0;"active";77817.0;"single";"practical";"soccer";33464.0;"no response"
"swjSTGAM";31.0;"cozily";56355.0;"single";"practical";"badminton";124018.0;"no response"
"C3xV9CxW";24.0;"cozily";68261.0;"single";"practical";"badminton";92413.0;"no response"
"aBqKrsX9";49.0;"active";93450.0;"single";"practical";"athletics";58662.0;"no response"
"UXKFlapJ";68.0;"healthy";88027.0;"single";"expensive";"athletics";142751.0;"response"
"UqWp1jk6";66.0;"healthy";49620.0;"single";"practical";"soccer";88582.0;"response"
"SdljC5Wu";48.0;"cozily";89543.0;"single";"practical";"soccer";55263.0;"no response"
"G4YT3dz0";46.0;"healthy";34111.0;"married";"practical";"athletics";108504.0;"no response"
"altGqLCO";48.0;"cozily";97435.0;"married";"expensive";"soccer";126254.0;"no response"
"u8dUW2HY";21.0;"cozily";54867.0;"married";"practical";"athletics";54723.0;"no response"
"6Uz6QaPr";63.0;"healthy";93467.0;"married";"practical";"badminton";46593.0;"response"
"xQHAUjQQ";60.0;"cozily";67241.0;"single";"practical";"soccer";127355.0;"response"
"lXhqsUlS";57.0;"active";66563.0;"single";"expensive";"athletics";55900.0;"response"
"S1KjzenY";19.0;"healthy";44493.0;"single";"practical";"athletics";136235.0;"no response"
"vUQ56fBe";67.0;"healthy";81759.0;"married";"expensive";"athletics";53718.0;"response"
"GOERXJh8";63.0;"active";22702.0;"married";"expensive";"soccer";34633.0;"response"
"brXk2Y5O";16.0;"healthy";21893.0;"married";"expensive";"soccer";45298.0;"no response"
"oiTUeXum";57.0;"cozily";75424.0;"single";"expensive";"athletics";139745.0;"no response"
"rTeeYNtd";33.0;"cozily";49812.0;"married";"practical";"badminton";140840.0;"response"
"jQv4UzVN";17.0;"healthy";47338.0;"married";"practical";"athletics";123488.0;"no response"
"ayPQExil";23.0;"cozily";66373.0;"married";"expensive";"athletics";133550.0;"no response"
"d740xgyi";56.0;"healthy";92431.0;"single";"expensive";"soccer";118616.0;"no response"
"RPyZ7pCm";55.0;"cozily";68480.0;"single";"expensive";"soccer";142957.0;"response"
"aHV255Ar";30.0;"active";61648.0;"single";"practical";"badminton";108253.0;"no response"
"wDh6JTM0";39.0;"cozily";21034.0;"single";"practical";"badminton";74153.0;"no response"
"9ZPOBmwe";62.0;"cozily";47490.0;"single";"practical";"athletics";38428.0;"response"
"1fZrT4IK";27.0;"healthy";62862.0;"married";"practical";"badminton";43746.0;"no response"
"uoWffP6L";60.0;"cozily";32917.0;"married";"expensive";"athletics";108217.0;"response"
"XPcQe8Yn";15.0;"active";33339.0;"single";"practical";"athletics";135340.0;"no response"
"z30A3T9v";35.0;"cozily";31462.0;"single";"expensive";"athletics";36527.0;"no response"
"Xhj95wm3";24.0;"active";24908.0;"married";"practical";"soccer";99965.0;"no response"
"TtqyYf5L";67.0;"cozily";32570.0;"married";"practical";"badminton";26456.0;"response"
"Aw7UWekD";35.0;"active";58158.0;"single";"practical";"badminton";31798.0;"no response"
"xE3rZQhl";29.0;"cozily";14820.0;"single";"practical";"badminton";71250.0;"response"
